post_id	page_type	missing	uploads	external	title	wayback_url
172	post	2	0	2	開發套件更輕鬆：Add-on Builder 正式登場	https://web.archive.org/web/20190715204418id_/https://blog.mozilla.com.tw/?p=172
186	post	1	1	0	Firefox 新增開發者工具和附加元件同步功能	https://web.archive.org/web/20190919102157id_/https://blog.mozilla.com.tw/?p=186
247	attachment	1	1	0	【0322美商謀智新聞圖片】09 各界共襄盛舉，祝福Mozilla Taiwan 生日快樂	https://web.archive.org/web/20150524221719id_/https://blog.mozilla.com.tw/?p=247
397	post	1	1	0	JSDC 2012，Mozilla 研究總監現身	https://web.archive.org/web/20150510130930id_/https://blog.mozilla.com.tw/?p=397
416	post	2	2	0	Mozilla Firefox Beta 版本開放下載測試！	https://web.archive.org/web/20190919102157id_/https://blog.mozilla.com.tw/?p=416
511	post	1	1	0	JSDC Taiwan 2012精彩花絮回顧	https://web.archive.org/web/20191019115358id_/https://blog.mozilla.com.tw/?p=511
547	post	1	0	1	Firefox Flicks 台灣參賽作品分享	https://web.archive.org/web/20190824002938id_/https://blog.mozilla.com.tw/?p=547
612	other	2	0	2	6月20日前進上海，Boot to Gecko軟實力發威！	https://web.archive.org/web/20190919102413id_/https://blog.mozilla.com.tw/?p=612
646	other	3	3	0	快速、聰明、安全的Firefox for Android 版本全新登場！	https://web.archive.org/web/20190919102413id_/https://blog.mozilla.com.tw/?p=646
898	attachment	1	1	0	開發者工具列的命令列工具可以用來抓圖	https://web.archive.org/web/20201231235959id_/https://blog.mozilla.com.tw/?p=898
1061	other	5	0	5	Persona 網路身分識別服務 – Beta 版首度釋出！	https://web.archive.org/web/20190824005743id_/https://blog.mozilla.com.tw/?p=1061
1134	other	2	0	2	【Add-On 一點通】很不愛看廣告的 「Adblock Plus」	https://web.archive.org/web/20190824010142id_/https://blog.mozilla.com.tw/?p=1134
1300	other	2	0	2	Firefox OS 問答集 (FAQ)	https://web.archive.org/web/20201231235959id_/https://blog.mozilla.com.tw/?p=1300
1371	other	2	0	2	10/27 Firefox 首度前進高雄之花絮報導	https://web.archive.org/web/20190825005132id_/https://blog.mozilla.com.tw/?p=1371
1485	attachment	1	1	0	1	https://web.archive.org/web/20201231235959id_/https://blog.mozilla.com.tw/?p=1485
1487	attachment	1	1	0	3	https://web.archive.org/web/20201231235959id_/https://blog.mozilla.com.tw/?p=1487
1636	other	4	4	0	12/02第一屆Firefox校園大使訓練營活動花絮(PART 2)	https://web.archive.org/web/20191019125156id_/https://blog.mozilla.com.tw/?p=1636
1680	other	1	1	0	「狐迷召集令」得獎名單公佈	https://web.archive.org/web/20190825010158id_/https://blog.mozilla.com.tw/?p=1680
1695	other	2	2	0	可分頁的「隱私瀏覽功能」首度登陸 Firefox Nightly 版！	https://web.archive.org/web/20190824010142id_/https://blog.mozilla.com.tw/?p=1695
1706	other	1	1	0	Mozilla 2012 全體動員令	https://web.archive.org/web/20190824001628id_/https://blog.mozilla.com.tw/?p=1706
1753	other	1	1	0	Firefox for Android Beta 開啓中文行動瀏覽體驗，並擴大ARMv6 手機支援！	https://web.archive.org/web/20190824001628id_/https://blog.mozilla.com.tw/?p=1753
1786	other	4	4	0	[ 行動 App 開發密技 ] 發佈 App 至 Mozilla Marketplace	https://web.archive.org/web/20201231235959id_/https://blog.mozilla.com.tw/?p=1786
1794	other	1	1	0	[ 活動公告 ] 1/26 Firefox OS App Days 報名入選名單	https://web.archive.org/web/20190825010158id_/https://blog.mozilla.com.tw/?p=1794
1813	other	4	4	0	[ 行動 App 開發密技 ] Remote-debugger	https://web.archive.org/web/20201231235959id_/https://blog.mozilla.com.tw/?p=1813
1828	other	1	0	1	Mozilla Firefox Flicks 全球微影片召集令開跑！	https://web.archive.org/web/20190825010158id_/https://blog.mozilla.com.tw/?p=1828
1846	other	30	30	0	1/26 Firefox OS App Days 活動花絮	https://web.archive.org/web/20190825010158id_/https://blog.mozilla.com.tw/?p=1846
1894	other	3	1	2	『除舊佈新，Firefox 祝你蛇年行大運！』得獎名單公告	https://web.archive.org/web/20190825010158id_/https://blog.mozilla.com.tw/?p=1894
1899	other	1	1	0	透過 Click to Play 功能，外掛程式啟用由您自訂	https://web.archive.org/web/20190824002718id_/https://blog.mozilla.com.tw/?p=1899
1915	other	1	1	0	Firefox OS App Days 得獎專訪 – 第一名 When Arrival	https://web.archive.org/web/20190825010158id_/https://blog.mozilla.com.tw/?p=1915
1927	other	1	1	0	Firefox OS App Days 得獎專訪 – 第二名 Battery Fox	https://web.archive.org/web/20190825011315id_/https://blog.mozilla.com.tw/?p=1927
1935	other	1	1	0	Firefox OS App Days 得獎專訪 – 第三名之一 今天吃什麼	https://web.archive.org/web/20190825011315id_/https://blog.mozilla.com.tw/?p=1935
1941	other	1	1	0	Firefox OS App Days 得獎專訪 – 第三名之二 Fudo Note	https://web.archive.org/web/20190825011315id_/https://blog.mozilla.com.tw/?p=1941
1945	other	2	0	2	Firefox for Android 繁體中文全面支援，桌機版內建 PDF 文件閱讀器	https://web.archive.org/web/20190824002718id_/https://blog.mozilla.com.tw/?p=1945
1968	other	1	1	0	Firefox Flicks 全球微影片競賽開跑！好萊塢評審名單出爐	https://web.archive.org/web/20201231235959id_/https://blog.mozilla.com.tw/?p=1968
1973	other	3	1	2	『 Firefox 新春賀歲, 貼文分享過好年 』得獎名單公告	https://web.archive.org/web/20190825011315id_/https://blog.mozilla.com.tw/?p=1973
1978	other	1	1	0	Firefox Beta 全新強化隱私瀏覽模式，可獨立開啓隱私瀏覽視窗！	https://web.archive.org/web/20190824010142id_/https://blog.mozilla.com.tw/?p=1978
2011	other	1	1	0	Firefox for Android Beta 許您獨一無二的瀏覽體驗，再添隱私瀏覽模式	https://web.archive.org/web/20190824002718id_/https://blog.mozilla.com.tw/?p=2011
2030	other	4	2	2	WebRTC－手機隨時分享、掌握所有資訊！	https://web.archive.org/web/20201231235959id_/https://blog.mozilla.com.tw/?p=2030
2042	other	12	12	0	台灣版 Firefox – Open Beta 開放測試中！外觀介紹搶先看！	https://web.archive.org/web/20201231235959id_/https://blog.mozilla.com.tw/?p=2042
2066	other	1	1	0	4 個快捷鍵可讓 Firefox 更快搜尋所需！	https://web.archive.org/web/20201231235959id_/https://blog.mozilla.com.tw/?p=2066
2070	other	8	8	0	大聲說出來！台灣版 Firefox – Open Beta 測試意見強力召集中！	https://web.archive.org/web/20201231235959id_/https://blog.mozilla.com.tw/?p=2070
2093	other	2	2	0	Firefox OS 模擬器 – 搶先預覽 3.0 版	https://web.archive.org/web/20201231235959id_/https://blog.mozilla.com.tw/?p=2093
2110	other	1	1	0	Firefox 為你的 Google 閱讀器找到另一種選擇	https://web.archive.org/web/20201231235959id_/https://blog.mozilla.com.tw/?p=2110
2114	other	1	1	0	在 Firefox OS 上建立付費 App	https://web.archive.org/web/20201231235959id_/https://blog.mozilla.com.tw/?p=2114
2240	other	1	1	0	Mozilla 基金會執行長 Mitchell Baker：慶祝 15 年的美好 Web	https://web.archive.org/web/20201231235959id_/https://blog.mozilla.com.tw/?p=2240
2322	other	1	1	0	「趣味快問快答」得獎名單公佈	https://web.archive.org/web/20190825011315id_/https://blog.mozilla.com.tw/?p=2322
2332	other	1	1	0	「3 月電子報有獎徵答」得獎名單公佈	https://web.archive.org/web/20190825011315id_/https://blog.mozilla.com.tw/?p=2332
2345	other	2	0	2	Firefox 22 更酷炫的開發工具	https://web.archive.org/web/20190824001316id_/https://blog.mozilla.com.tw/?p=2345
2402	other	2	0	2	偵測觸碰事件：重點在「原因」而非「方法」─ 下篇	https://web.archive.org/web/20190824001316id_/https://blog.mozilla.com.tw/?p=2402
2473	other	3	3	0	Firefox Flicks 2013 Early Entry Awards 首輪得獎名單	https://web.archive.org/web/20190825011315id_/https://blog.mozilla.com.tw/?p=2473
2516	other	1	1	0	把 Firefox 的搜尋列與網址列合而為一	https://web.archive.org/web/20201231235959id_/https://blog.mozilla.com.tw/?p=2516
2536	other	1	1	0	【Firefox 祕技】Firefox for Android 為更多手機提供更多功能	https://web.archive.org/web/20201231235959id_/https://blog.mozilla.com.tw/?p=2536
2560	other	4	4	0	Firefox OS Simulator 3.0 版來啦！	https://web.archive.org/web/20201231235959id_/https://blog.mozilla.com.tw/?p=2560
2581	other	1	1	0	《戰爭機器》製作公司展現強大的 Web 遊戲平台	https://web.archive.org/web/20201231235959id_/https://blog.mozilla.com.tw/?p=2581
2653	other	1	1	0	全新企劃：Phones for Apps for Firefox OS	https://web.archive.org/web/20201231235959id_/https://blog.mozilla.com.tw/?p=2653
2667	other	3	3	0	全台狐迷總動員，Firefox 全新功能酷炫登場！	https://web.archive.org/web/20190824003851id_/https://blog.mozilla.com.tw/?p=2667
2751	other	7	7	0	2013 JSDC 花絮報導	https://web.archive.org/web/20190825012419id_/https://blog.mozilla.com.tw/?p=2751
2773	other	2	2	0	Firefox 分頁的 5 大使用秘訣	https://web.archive.org/web/20201231235959id_/https://blog.mozilla.com.tw/?p=2773
2792	other	3	3	0	動動手，讓自己的網頁嵌入 WebRTC 視訊聊天功能！	https://web.archive.org/web/20201231235959id_/https://blog.mozilla.com.tw/?p=2792
2819	other	6	6	0	寫好 Firefox OS 的 App 了嗎？快送進 Geeksphone 來玩玩吧！	https://web.archive.org/web/20201231235959id_/https://blog.mozilla.com.tw/?p=2819
2842	other	1	1	0	Firefox 有新的下載管理員功能囉！	https://web.archive.org/web/20190824002920id_/https://blog.mozilla.com.tw/?p=2842
2867	other	1	1	0	2013 亞洲移動通信博覽會 Firefox OS 與你相約，6/26 – 6/28 引爆上海！	https://web.archive.org/web/20201231235959id_/https://blog.mozilla.com.tw/?p=2867
2882	other	3	1	2	確認自己下載了真正的 Firefox，也同時小心間諜或詐騙軟體！	https://web.archive.org/web/20190824002920id_/https://blog.mozilla.com.tw/?p=2882
2902	other	1	1	0	就是要好玩的 Firefox 附加元件！	https://web.archive.org/web/20190824002920id_/https://blog.mozilla.com.tw/?p=2902
2910	other	1	1	0	「5 月電子報有獎徵答」得獎名單公佈	https://web.archive.org/web/20190825012419id_/https://blog.mozilla.com.tw/?p=2910
2935	other	2	2	0	多款 Firefox OS 手機亮相亞洲移動通信博覽會	https://web.archive.org/web/20190824003851id_/https://blog.mozilla.com.tw/?p=2935
2945	other	2	0	2	Firefox 在 Web 上提供 3D 遊戲、視訊電話、檔案共享功能！	https://web.archive.org/web/20190824003851id_/https://blog.mozilla.com.tw/?p=2945
2954	other	1	1	0	全新 Firefox Logo 與 Firefox Beta 版亮眼登場！	https://web.archive.org/web/20190824002920id_/https://blog.mozilla.com.tw/?p=2954
2989	other	3	3	0	快來更新並用力測試 Firefox OS 開發者預覽手機 Geeksphone	https://web.archive.org/web/20201231235959id_/https://blog.mozilla.com.tw/?p=2989
3001	other	3	2	1	5 個方法大聲散播 Firefox OS 上市的消息	https://web.archive.org/web/20201231235959id_/https://blog.mozilla.com.tw/?p=3001
3017	other	2	1	1	全新 Firefox 識別標誌 ─ 迎向 Firefox 的新世代	https://web.archive.org/web/20201231235959id_/https://blog.mozilla.com.tw/?p=3017
3032	other	21	21	0	2013 亞洲移動通信博覽會 Firefox OS 與你相約之花絮報導	https://web.archive.org/web/20190825012419id_/https://blog.mozilla.com.tw/?p=3032
3070	other	3	3	0	「2013 軟體創作達人暑期成長營」台南場、台北場演講花絮	https://web.archive.org/web/20190825012419id_/https://blog.mozilla.com.tw/?p=3070
3092	other	1	1	0	德國電信宣佈 Firefox OS 手機於歐洲上市！	https://web.archive.org/web/20191113175135id_/https://blog.mozilla.com.tw/?p=3092
3100	other	3	3	0	Firefox OS 裝置正式推出！	https://web.archive.org/web/20191113171152id_/https://blog.mozilla.com.tw/?p=3100
3123	other	3	3	0	Firefox OS 模擬器 4.0 發佈	https://web.archive.org/web/20201231235959id_/https://blog.mozilla.com.tw/?p=3123
3139	other	2	2	0	Firefox OS 所代表的意義	https://web.archive.org/web/20201231235959id_/https://blog.mozilla.com.tw/?p=3139
3157	other	1	1	0	「6 月電子報有獎徵答」得獎名單公佈	https://web.archive.org/web/20190825012419id_/https://blog.mozilla.com.tw/?p=3157
3179	other	1	1	0	開發者的 Firefox OS：讓 HTML5 得以完全發揮的平台	https://web.archive.org/web/20190824003748id_/https://blog.mozilla.com.tw/?p=3179
3191	other	1	1	0	Persona ─ 最適合個別品牌的網路身分識別服務	https://web.archive.org/web/20190824005743id_/https://blog.mozilla.com.tw/?p=3191
3233	other	8	8	0	7/20 Hands-on 超精彩花絮報導！	https://web.archive.org/web/20190825012419id_/https://blog.mozilla.com.tw/?p=3233
3261	other	2	2	0	WebRTC 相關縮寫名詞簡介	https://web.archive.org/web/20190824003748id_/https://blog.mozilla.com.tw/?p=3261
3277	other	4	4	0	開發 App – Firefox OS：讓 HTML5 完全發揮的平台	https://web.archive.org/web/20190824003748id_/https://blog.mozilla.com.tw/?p=3277
3308	other	1	1	0	Mozilla 持續打造安全的 Web 平台	https://web.archive.org/web/20190824003748id_/https://blog.mozilla.com.tw/?p=3308
3321	other	18	18	0	7/27 第二屆 Firefox 校園大使訓練營 – 超 High 花絮！(上集)	https://web.archive.org/web/20191019115133id_/https://blog.mozilla.com.tw/?p=3321
3354	other	26	24	2	7/27 第二屆 Firefox 校園大使訓練營 – 超 High 花絮！(下集)	https://web.archive.org/web/20191019115013id_/https://blog.mozilla.com.tw/?p=3354
3397	other	4	4	0	Telefonica 宣佈於南美洲推出首款 Firefox OS 裝置	https://web.archive.org/web/20201231235959id_/https://blog.mozilla.com.tw/?p=3397
3419	other	2	2	0	Firefox Marketplace 與其他選擇	https://web.archive.org/web/20201231235959id_/https://blog.mozilla.com.tw/?p=3419
3435	other	1	0	1	Firefox 讓你輕鬆和親友分享最愛的內容	https://web.archive.org/web/20190824005010id_/https://blog.mozilla.com.tw/?p=3435
3479	other	9	7	2	到 COSCUP 2013 找 Mozilla 人好多花絮！	https://web.archive.org/web/20190825001023id_/https://blog.mozilla.com.tw/?p=3479
3516	other	4	1	3	ZTE 將於 eBay 上開放銷售 Firefox OS 手機！	https://web.archive.org/web/20190824005010id_/https://blog.mozilla.com.tw/?p=3516
3521	other	2	0	2	快來下載 Firefox for Android Beta 版並測試新功能	https://web.archive.org/web/20190824005010id_/https://blog.mozilla.com.tw/?p=3521
3533	other	1	1	0	八月狐狐工作坊 – Firefox OS 簡介	https://web.archive.org/web/20201231235959id_/https://blog.mozilla.com.tw/?p=3533
3535	other	1	1	0	八月狐狐工作坊 – 你不能不知道的微電影拍攝技巧	https://web.archive.org/web/20201231235959id_/https://blog.mozilla.com.tw/?p=3535
3539	other	6	0	6	JSFiddle 即可撰寫 Firefox OS Apps 的雛形	https://web.archive.org/web/20190824004607id_/https://blog.mozilla.com.tw/?p=3539
3632	other	1	1	0	Firefox OS 讓你盡情享受每一刻！	https://web.archive.org/web/20201231235959id_/https://blog.mozilla.com.tw/?p=3632
3709	other	2	2	0	Firefox 秘技：用標籤更快找到書籤	https://web.archive.org/web/20201231235959id_/https://blog.mozilla.com.tw/?p=3709
3732	other	5	5	0	把 Firefox OS Web Apps 送進 ZTE Open 手機	https://web.archive.org/web/20201231235959id_/https://blog.mozilla.com.tw/?p=3732
3744	other	2	2	0	Apps 移植召集令	https://web.archive.org/web/20201231235959id_/https://blog.mozilla.com.tw/?p=3744
3758	other	2	1	1	達人教你網路安全的撇步	https://web.archive.org/web/20201231235959id_/https://blog.mozilla.com.tw/?p=3758
3768	other	2	2	0	FIREFOX FLICKS 微影片競賽的贏家已誕生！	https://web.archive.org/web/20201231235959id_/https://blog.mozilla.com.tw/?p=3768
3790	other	2	2	0	Firefox for Android 能更輕鬆分享你最愛的網頁	https://web.archive.org/web/20201231235959id_/https://blog.mozilla.com.tw/?p=3790
3800	other	1	1	0	Firefox for Android 正式支援 WebRTC	https://web.archive.org/web/20201231235959id_/https://blog.mozilla.com.tw/?p=3800
3813	other	3	3	0	行動版 Firefox 24 已支援 WebRTC	https://web.archive.org/web/20201231235959id_/https://blog.mozilla.com.tw/?p=3813
3882	other	1	1	0	十月狐狐工作坊 – 午後的快意分享 Part II	https://web.archive.org/web/20201231235959id_/https://blog.mozilla.com.tw/?p=3882
3886	other	3	3	0	重新介紹 Firefox 開發工具系列之一	https://web.archive.org/web/20201231235959id_/https://blog.mozilla.com.tw/?p=3886
3898	other	4	2	2	Firefox 開發者工具的新功能 (上)	https://web.archive.org/web/20201231235959id_/https://blog.mozilla.com.tw/?p=3898
3905	other	1	1	0	Firefox 開發者工具的新功能 (下)	https://web.archive.org/web/20201231235959id_/https://blog.mozilla.com.tw/?p=3905
3925	other	1	1	0	Mozilla 與合作夥伴將展開第二波 Firefox OS 全球市場上市計畫	https://web.archive.org/web/20201231235959id_/https://blog.mozilla.com.tw/?p=3925
3932	other	1	1	0	Firefox OS 1.1 新增功能、提升效能、支援更多語言	https://web.archive.org/web/20201231235959id_/https://blog.mozilla.com.tw/?p=3932
3959	other	1	1	0	Firefox OS 的亞洲開發者現可自 eBay 訂購 ZTE Open	https://web.archive.org/web/20201231235959id_/https://blog.mozilla.com.tw/?p=3959
3965	other	2	2	0	Firefox OS App Manager 新增為 Firefox 26 之開發者工具	https://web.archive.org/web/20201231235959id_/https://blog.mozilla.com.tw/?p=3965
3994	other	2	2	0	Firefox 開發者工具與 Firebug	https://web.archive.org/web/20190824002835id_/https://blog.mozilla.com.tw/?p=3994
4036	other	3	3	0	TogetherJS 介紹 (下)	https://web.archive.org/web/20190824002835id_/https://blog.mozilla.com.tw/?p=4036
4078	other	2	0	2	「聽」到沒？Web Audio API 已加入 Firefox	https://web.archive.org/web/20201231235959id_/https://blog.mozilla.com.tw/?p=4078
4111	other	1	1	0	Firefox Beta 開放測試 Click to Play 功能	https://web.archive.org/web/20201231235959id_/https://blog.mozilla.com.tw/?p=4111
4115	other	1	1	0	Firefox for Android Beta 提供全新開始頁設計	https://web.archive.org/web/20201231235959id_/https://blog.mozilla.com.tw/?p=4115
4139	other	9	9	0	跨平台 Open Web App 開發報告	https://web.archive.org/web/20201231235959id_/https://blog.mozilla.com.tw/?p=4139
4169	other	2	1	1	Firefox 滿九歲了！生日快樂！	https://web.archive.org/web/20201231235959id_/https://blog.mozilla.com.tw/?p=4169
4172	other	6	6	0	Songs of Diridum：Web Audio API 的極致	https://web.archive.org/web/20201231235959id_/https://blog.mozilla.com.tw/?p=4172
4221	other	1	1	0	Mozilla 榮獲 Digital Leaders 50 Awards 肯定	https://web.archive.org/web/20201231235959id_/https://blog.mozilla.com.tw/?p=4221
4228	other	1	1	0	Firefox 使用者介面之進化	https://web.archive.org/web/20201231235959id_/https://blog.mozilla.com.tw/?p=4228
4232	other	8	6	2	「Australis」已於 Firefox Nightly 中登場	https://web.archive.org/web/20201231235959id_/https://blog.mozilla.com.tw/?p=4232
4257	other	1	1	0	Firefox Marketplace 展現 Web 的力量	https://web.archive.org/web/20201231235959id_/https://blog.mozilla.com.tw/?p=4257
4270	other	1	1	0	十二月狐狐工作坊 – APP 競賽成果展示 LIVE Show	https://web.archive.org/web/20201231235959id_/https://blog.mozilla.com.tw/?p=4270
4271	other	2	2	0	熱力四射的 Mozilla Taiwan 企業參訪活動花絮	https://web.archive.org/web/20201231235959id_/https://blog.mozilla.com.tw/?p=4271
4275	other	1	1	0	Mozilla 目前狀況與 2012 財務報表	https://web.archive.org/web/20201231235959id_/https://blog.mozilla.com.tw/?p=4275
4280	other	5	5	0	淺談 Firefox 27 開發者工具	https://web.archive.org/web/20201231235959id_/https://blog.mozilla.com.tw/?p=4280
4317	other	1	1	0	BBC 與 Mozilla 確認英國境內的 Web 技術合作關係	https://web.archive.org/web/20201231235959id_/https://blog.mozilla.com.tw/?p=4317
4330	other	1	1	0	論「Mozilla 目前狀況與 2012 年財務報表」	https://web.archive.org/web/20201231235959id_/https://blog.mozilla.com.tw/?p=4330
4345	other	5	5	0	Mozillians 榮譽碑即將抵達舊金山	https://web.archive.org/web/20201231235959id_/https://blog.mozilla.com.tw/?p=4345
4359	other	1	1	0	Firefox OS 於多個歐洲國家中現身	https://web.archive.org/web/20201231235959id_/https://blog.mozilla.com.tw/?p=4359
4392	other	1	1	0	捲起袖子與我們一起營救 Web	https://web.archive.org/web/20201231235959id_/https://blog.mozilla.com.tw/?p=4392
4439	other	6	6	0	Mozilla 開發者社群網站 (MDN) 全新面貌	https://web.archive.org/web/20201231235959id_/https://blog.mozilla.com.tw/?p=4439
4471	other	1	1	0	Firefox for Android 支援搭載 Intel x86 處理器的裝置	https://web.archive.org/web/20201231235959id_/https://blog.mozilla.com.tw/?p=4471
4495	other	1	1	0	號召 Firefox Beta 版測試員參與 HTML5 遊戲開發競賽	https://web.archive.org/web/20201231235959id_/https://blog.mozilla.com.tw/?p=4495
4525	other	1	1	0	Mozilla 的 2013 年度回顧	https://web.archive.org/web/20190824010111id_/https://blog.mozilla.com.tw/?p=4525
4541	other	2	1	1	Monster Madness – 透過 Emscripten 建構 Web 遊戲 (上)	https://web.archive.org/web/20201231235959id_/https://blog.mozilla.com.tw/?p=4541
4557	other	1	1	0	Monster Madness – 透過 Emscripten 建構 Web 遊戲 (下)	https://web.archive.org/web/20201231235959id_/https://blog.mozilla.com.tw/?p=4557
4571	other	4	4	0	撰寫平台隨你選，Firefox OS 都「行」(上)	https://web.archive.org/web/20201231235959id_/https://blog.mozilla.com.tw/?p=4571
4584	other	4	4	0	撰寫平台隨你選，Firefox OS 都「行」(中)	https://web.archive.org/web/20201231235959id_/https://blog.mozilla.com.tw/?p=4584
4591	other	6	4	2	撰寫平台隨你選，Firefox OS 都「行」(下)	https://web.archive.org/web/20201231235959id_/https://blog.mozilla.com.tw/?p=4591
4603	other	3	1	2	Firefox 版本釋出週期將順延二週	https://web.archive.org/web/20201231235959id_/https://blog.mozilla.com.tw/?p=4603
4641	other	8	8	0	淺談 Firefox 28 開發者工具	https://web.archive.org/web/20201231235959id_/https://blog.mozilla.com.tw/?p=4641
4660	other	1	1	0	給開發者的 Firefox OS ─ 共同加入完全的HTML 5 平台	https://web.archive.org/web/20201231235959id_/https://blog.mozilla.com.tw/?p=4660
4679	other	1	1	0	Mozilla 為推廣 Firefox OS 平板電腦 啟動 Contribution Program	https://web.archive.org/web/20201231235959id_/https://blog.mozilla.com.tw/?p=4679
4682	other	1	1	0	松下電器 (Panasonic) 與 Mozilla 為新一代 Smart TV 協力開發新的 Firefox OS 開放平台	https://web.archive.org/web/20201231235959id_/https://blog.mozilla.com.tw/?p=4682
4693	other	1	1	0	Firefox OS 放眼未來	https://web.archive.org/web/20201231235959id_/https://blog.mozilla.com.tw/?p=4693
4730	other	3	3	0	把手上的 ZTE Open 升級到 Firefox OS 1.1	https://web.archive.org/web/20201231235959id_/https://blog.mozilla.com.tw/?p=4730
4793	other	1	1	0	Marketplace：制定 App 的價格	https://web.archive.org/web/20201231235959id_/https://blog.mozilla.com.tw/?p=4793
4813	other	8	8	0	Marketplace：App 內容分級	https://web.archive.org/web/20201231235959id_/https://blog.mozilla.com.tw/?p=4813
4837	other	2	1	1	Firefox 開發者工具的選取元素功能即將異動	https://web.archive.org/web/20201231235959id_/https://blog.mozilla.com.tw/?p=4837
4850	other	1	1	0	Mozilla Taiwan 首度前進校園徵才就業博覽會	https://web.archive.org/web/20201231235959id_/https://blog.mozilla.com.tw/?p=4850
4853	other	1	1	0	Firefox OS 適用的 WebGL 與 CreateJS (上)	https://web.archive.org/web/20201231235959id_/https://blog.mozilla.com.tw/?p=4853
4857	other	3	3	0	Firefox OS 適用的 WebGL 與 CreateJS (下)	https://web.archive.org/web/20201231235959id_/https://blog.mozilla.com.tw/?p=4857
4863	other	1	1	0	讓大家重拾對 Web 的信任	https://web.archive.org/web/20201231235959id_/https://blog.mozilla.com.tw/?p=4863
4882	other	2	2	0	Firefox 又加入新的社交夥伴	https://web.archive.org/web/20201231235959id_/https://blog.mozilla.com.tw/?p=4882
4892	other	1	1	0	美商謀智 (Mozilla) 發表Firefox for Windows 8 Touch Beta	https://web.archive.org/web/20201231235959id_/https://blog.mozilla.com.tw/?p=4892
4899	other	1	1	0	Firefox Nightly 版本現可測試新的 Sync 功能	https://web.archive.org/web/20201231235959id_/https://blog.mozilla.com.tw/?p=4899
4906	other	2	2	0	更好的 Firefox Sync 同步功能	https://web.archive.org/web/20201231235959id_/https://blog.mozilla.com.tw/?p=4906
4925	other	1	1	0	在 Firefox Aurora 中測試新版 Firefox Sync 並自訂新 UI	https://web.archive.org/web/20201231235959id_/https://blog.mozilla.com.tw/?p=4925
4929	other	1	1	0	搶先預覽 Firefox Launcher for Android	https://web.archive.org/web/20201231235959id_/https://blog.mozilla.com.tw/?p=4929
4940	other	1	1	0	內容服務的轉變：將以使用者為中心	https://web.archive.org/web/20201231235959id_/https://blog.mozilla.com.tw/?p=4940
4957	other	1	1	0	App 開發者的五大隱私權潛在陷阱 (上)	https://web.archive.org/web/20201231235959id_/https://blog.mozilla.com.tw/?p=4957
4962	other	1	1	0	App 開發者的五大隱私權潛在陷阱 (下)	https://web.archive.org/web/20190824003950id_/https://blog.mozilla.com.tw/?p=4962
4986	other	1	0	1	美商謀智 (Mozilla) Firefox OS 首年成果發佈 MWC 2014 將亮相	https://web.archive.org/web/20190824003950id_/https://blog.mozilla.com.tw/?p=4986
5009	other	1	1	0	新款開發者硬體與工具現身 加速強化 FIREFOX OS 生態系統	https://web.archive.org/web/20190824010111id_/https://blog.mozilla.com.tw/?p=5009
5013	other	2	2	0	更高效能 FIREFOX OS 裝置問世 改寫入門級智慧手機定義	https://web.archive.org/web/20190824010111id_/https://blog.mozilla.com.tw/?p=5013
5033	other	7	0	7	淺談 Firefox 29 開發者工具	https://web.archive.org/web/20190824003950id_/https://blog.mozilla.com.tw/?p=5033
5090	other	1	1	0	MWC 後續報導 ─ 釋放未來	https://web.archive.org/web/20201231235959id_/https://blog.mozilla.com.tw/?p=5090
5097	other	1	1	0	Firefox Marketplace：常見問題	https://web.archive.org/web/20201231235959id_/https://blog.mozilla.com.tw/?p=5097
5104	other	1	1	0	Mozilla@校園徵才博覽會 – 台大場 活動預告	https://web.archive.org/web/20201231235959id_/https://blog.mozilla.com.tw/?p=5104
5108	other	2	2	0	強力徵求：將 HTML5 App 移植到 Firefox OS 與 Open Web	https://web.archive.org/web/20201231235959id_/https://blog.mozilla.com.tw/?p=5108
5119	other	1	1	0	Firefox Marketplace：App 發佈方式	https://web.archive.org/web/20201231235959id_/https://blog.mozilla.com.tw/?p=5119
5130	other	1	1	0	Firefox Marketplace：設立自己的 App 商店	https://web.archive.org/web/20201231235959id_/https://blog.mozilla.com.tw/?p=5130
5145	other	1	1	0	《ViziCities》3D 地圖打造心得	https://web.archive.org/web/20201231235959id_/https://blog.mozilla.com.tw/?p=5145
5157	other	1	1	0	蘊藏人們潛力的 25 年	https://web.archive.org/web/20201231235959id_/https://blog.mozilla.com.tw/?p=5157
5185	other	3	3	0	Firefox OS App 開發入門 ─ 引言	https://web.archive.org/web/20201231235959id_/https://blog.mozilla.com.tw/?p=5185
5190	other	1	1	0	Firefox 動態磚版本的現狀	https://web.archive.org/web/20201231235959id_/https://blog.mozilla.com.tw/?p=5190
5214	other	1	1	0	設計 Australis 附加元件即可贏得 Firefox OS 手機	https://web.archive.org/web/20201231235959id_/https://blog.mozilla.com.tw/?p=5214
5229	other	3	3	0	Mozilla 釋出內建 Firefox Accounts 功能之 Firefox Beta	https://web.archive.org/web/20201231235959id_/https://blog.mozilla.com.tw/?p=5229
5247	other	2	2	0	遊戲開發引擎 Flambe 現亦支援 Firefox OS	https://web.archive.org/web/20201231235959id_/https://blog.mozilla.com.tw/?p=5247
5268	other	1	1	0	Firefox Marketplace：更新 App	https://web.archive.org/web/20201231235959id_/https://blog.mozilla.com.tw/?p=5268
5275	other	1	1	0	Firefox OS App 開發入門 (1)：打造絕佳 HTML5 App 的要素	https://web.archive.org/web/20201231235959id_/https://blog.mozilla.com.tw/?p=5275
5283	other	1	1	0	Firefox OS App 開發入門 (2)：Manifest 檔案	https://web.archive.org/web/20201231235959id_/https://blog.mozilla.com.tw/?p=5283
5355	other	8	8	0	淺談 Firefox 30 開發者工具	https://web.archive.org/web/20201231235959id_/https://blog.mozilla.com.tw/?p=5355
5383	other	1	1	0	Mozilla 持續向前	https://web.archive.org/web/20201231235959id_/https://blog.mozilla.com.tw/?p=5383
5388	other	1	1	0	Firefox OS App 開發入門 (7)：Web Activities	https://web.archive.org/web/20190825004817id_/https://blog.mozilla.com.tw/?p=5388
5424	other	1	1	0	募集強大的 Web App 開發工具	https://web.archive.org/web/20190825004817id_/https://blog.mozilla.com.tw/?p=5424
5491	other	2	2	0	Mozilla 發表全新改版 Firefox	https://web.archive.org/web/20201231235959id_/https://blog.mozilla.com.tw/?p=5491
5493	other	2	2	0	Mozilla 同步發表具高度自訂功能的 Firefox for Android	https://web.archive.org/web/20201231235959id_/https://blog.mozilla.com.tw/?p=5493
5519	other	2	1	1	最新版 Firefox 提升的 asm.js 效能讓遊戲飛也似的執行！	https://web.archive.org/web/20201231235959id_/https://blog.mozilla.com.tw/?p=5519
5565	other	1	1	0	Firefox Sync 的新安全模式	https://web.archive.org/web/20201231235959id_/https://blog.mozilla.com.tw/?p=5565
5579	other	1	1	0	DRM 與 Mozilla 服務之間的兩難	https://web.archive.org/web/20201231235959id_/https://blog.mozilla.com.tw/?p=5579
5589	other	7	7	0	淺談 Firefox 31 開發者工具	https://web.archive.org/web/20201231235959id_/https://blog.mozilla.com.tw/?p=5589
5663	other	1	1	0	用 TogetherJS 與 CreateJS 開發多人遊戲 (上)	https://web.archive.org/web/20190825002545id_/https://blog.mozilla.com.tw/?p=5663
5714	other	1	1	0	透過 Firefox Nightly 體驗 WebRTC	https://web.archive.org/web/20201231235959id_/https://blog.mozilla.com.tw/?p=5714
5720	other	1	1	0	把開放源碼當做自己創業 (上)	https://web.archive.org/web/20190825002545id_/https://blog.mozilla.com.tw/?p=5720
5740	other	2	2	0	Firefox OS 合作版圖再下一城	https://web.archive.org/web/20190824011311id_/https://blog.mozilla.com.tw/?p=5740
5756	other	1	1	0	透過 Firefox 隨時知曉你正關心的大小事	https://web.archive.org/web/20201231235959id_/https://blog.mozilla.com.tw/?p=5756
5821	other	11	11	0	淺談 Firefox 32 開發者工具	https://web.archive.org/web/20201231235959id_/https://blog.mozilla.com.tw/?p=5821
5836	other	1	1	0	美國總統歐巴馬 (Obama) 宣佈 Mozilla Maker Party 2014 正式開始	https://web.archive.org/web/20201231235959id_/https://blog.mozilla.com.tw/?p=5836
5846	other	5	3	2	介紹 Firefox 開發者工具之 Web Audio 編輯器	https://web.archive.org/web/20201231235959id_/https://blog.mozilla.com.tw/?p=5846
5858	other	1	1	0	Mozilla 宣佈建構新的線上社群平台	https://web.archive.org/web/20201231235959id_/https://blog.mozilla.com.tw/?p=5858
5876	other	1	1	0	ServiceWorkers 與 Firefox	https://web.archive.org/web/20201231235959id_/https://blog.mozilla.com.tw/?p=5876
5927	other	1	1	0	提升 JPEG 圖像編碼作業	https://web.archive.org/web/20201231235959id_/https://blog.mozilla.com.tw/?p=5927
5952	other	1	1	0	Mozilla 率先開發之技術首次應用於 Web 商業遊戲	https://web.archive.org/web/20190825003535id_/https://blog.mozilla.com.tw/?p=5952
5978	other	1	1	0	Firefox for Android 測試版更能輕鬆自訂 Web 經驗	https://web.archive.org/web/20201231235959id_/https://blog.mozilla.com.tw/?p=5978
6024	other	1	1	0	強化 Firefox 的惡意程式偵測功能	https://web.archive.org/web/20201231235959id_/https://blog.mozilla.com.tw/?p=6024
6031	other	4	4	0	HTML5 遊戲開發資源 (上)	https://web.archive.org/web/20190825003535id_/https://blog.mozilla.com.tw/?p=6031
6072	other	5	5	0	淺談 Firefox 33 開發者工具	https://web.archive.org/web/20201231235959id_/https://blog.mozilla.com.tw/?p=6072
6084	other	10	3	7	用 mozjpeg 產生高效率的 JPEG	https://web.archive.org/web/20190823235633id_/https://blog.mozilla.com.tw/?p=6084
6092	other	1	1	0	Firefox Marketplace：付款服務狀態	https://web.archive.org/web/20190823235633id_/https://blog.mozilla.com.tw/?p=6092
6098	other	1	1	0	『Firefox 愛在鵲橋 狐你幸福』活動得獎名單公告	https://web.archive.org/web/20190825001612id_/https://blog.mozilla.com.tw/?p=6098
6147	other	1	0	1	Firefox OS 智慧型手機將改變印度的行動生態	https://web.archive.org/web/20190824011311id_/https://blog.mozilla.com.tw/?p=6147
6166	other	3	3	0	為 Firefox OS 打造 Firefox 瀏覽器 (中)	https://web.archive.org/web/20190825004626id_/https://blog.mozilla.com.tw/?p=6166
6243	other	1	1	0	協助測試 Firefox Beta 中的 WebRTC 通訊功能	https://web.archive.org/web/20201231235959id_/https://blog.mozilla.com.tw/?p=6243
6296	other	1	0	1	建構互動的 HTML5 影片	https://web.archive.org/web/20190825004626id_/https://blog.mozilla.com.tw/?p=6296
6324	other	1	1	0	「PhoneGap Developer」支援 Firefox OS 搶先看	https://web.archive.org/web/20190825004626id_/https://blog.mozilla.com.tw/?p=6324
6333	other	7	7	0	淺談 Firefox 34 開發者工具	https://web.archive.org/web/20201231235959id_/https://blog.mozilla.com.tw/?p=6333
6359	other	1	1	0	以 Firefox 附加元件跨裝置與瀏覽器開發 Web	https://web.archive.org/web/20201231235959id_/https://blog.mozilla.com.tw/?p=6359
6367	other	5	0	5	如何切換在 Firefox 中的 PDF 檢視器	https://web.archive.org/web/20201231235959id_/https://blog.mozilla.com.tw/?p=6367
6413	other	1	1	0	該如何寫出更好的軟體？─ 系列訪談之二 (上)	https://web.archive.org/web/20201231235959id_/https://blog.mozilla.com.tw/?p=6413
6429	other	1	1	0	該如何寫出更好的軟體？─ 系列訪談之二 (下)	https://web.archive.org/web/20201231235959id_/https://blog.mozilla.com.tw/?p=6429
6532	other	1	1	0	OpenH264 現已進入 Firefox	https://web.archive.org/web/20201231235959id_/https://blog.mozilla.com.tw/?p=6532
6648	other	1	1	0	首款開發者專屬瀏覽器即將登場	https://web.archive.org/web/20201231235959id_/https://blog.mozilla.com.tw/?p=6648
6679	other	1	1	0	首款專為開發者打造的瀏覽器：Firefox 開發者版本	https://web.archive.org/web/20201231235959id_/https://blog.mozilla.com.tw/?p=6679
6715	other	1	1	0	祝賀 Firefox 的十年	https://web.archive.org/web/20201231235959id_/https://blog.mozilla.com.tw/?p=6715
6757	other	6	6	0	Firefox 新搜尋策略：強化選擇與創新	https://web.archive.org/web/20201231235959id_/https://blog.mozilla.com.tw/?p=6757
6775	other	1	1	0	Mozilla 現在接受比特幣捐款	https://web.archive.org/web/20201231235959id_/https://blog.mozilla.com.tw/?p=6775
6824	other	1	1	0	更輕鬆使用自動補完函式庫 (Polyfill)	https://web.archive.org/web/20201231235959id_/https://blog.mozilla.com.tw/?p=6824
6841	other	1	1	0	Mozilla 與 Telenor 宣佈設立 WebRTC Competency Center	https://web.archive.org/web/20201231235959id_/https://blog.mozilla.com.tw/?p=6841
6912	other	1	1	0	愛立信 (Ericsson) 現讓 OpenWebRTC 與 Firefox 可互相溝通	https://web.archive.org/web/20190919110902id_/https://blog.mozilla.com.tw/?p=6912
6965	other	2	2	0	運用 Emscripten 移植遊戲 (下)	https://web.archive.org/web/20190919102237id_/https://blog.mozilla.com.tw/?p=6965
6985	other	1	1	0	Firefox Hello 讓視訊電話就如同當面交談一樣簡單	https://web.archive.org/web/20201231235959id_/https://blog.mozilla.com.tw/?p=6985
6988	other	1	1	0	Mozilla Science Lab 獎學金方案開跑	https://web.archive.org/web/20201231235959id_/https://blog.mozilla.com.tw/?p=6988
7129	other	1	1	0	到 MWC 2015 體驗最新 Firefox OS 裝置並了解 Mozilla 的關鍵下一步	https://web.archive.org/web/20200927101042id_/https://blog.mozilla.com.tw/?p=7129
7152	other	2	0	2	「絲綢」專案 (下)	https://web.archive.org/web/20190825011841id_/https://blog.mozilla.com.tw/?p=7152
7187	other	1	1	0	2015 Mozilla 校園徵才博覽會 等你來相會！	https://web.archive.org/web/20201231235959id_/https://blog.mozilla.com.tw/?p=7187
7194	other	5	5	0	淺談 Firefox 38 開發者工具	https://web.archive.org/web/20201231235959id_/https://blog.mozilla.com.tw/?p=7194
7241	other	1	1	0	asm.js 在多家瀏覽器上的效能均有斬獲 (上)	https://web.archive.org/web/20190825011841id_/https://blog.mozilla.com.tw/?p=7241
7243	other	1	0	1	asm.js 在多家瀏覽器上的效能均有斬獲 (下)	https://web.archive.org/web/20190825012056id_/https://blog.mozilla.com.tw/?p=7243
7250	other	1	1	0	與 Combain 合作完善 Mozilla 的定位服務	https://web.archive.org/web/20190825012056id_/https://blog.mozilla.com.tw/?p=7250
7258	other	1	0	1	MDN 研究方案開跑	https://web.archive.org/web/20190825001038id_/https://blog.mozilla.com.tw/?p=7258
7284	other	3	1	2	SVG 圖像最佳化	https://web.archive.org/web/20191113174006id_/https://blog.mozilla.com.tw/?p=7284
7331	other	1	1	0	你的開發者工具還缺哪些功能呢？	https://web.archive.org/web/20191113172335id_/https://blog.mozilla.com.tw/?p=7331
7360	other	6	6	0	Pixel Perfect 2：Firefox 開發者工具擴充套件	https://web.archive.org/web/20191113180146id_/https://blog.mozilla.com.tw/?p=7360
7370	other	2	2	0	用 Device Orientation 與 Vibration API 開發行動版遊戲	https://web.archive.org/web/20191019115006id_/https://blog.mozilla.com.tw/?p=7370
7378	other	3	2	1	淺談 Firefox 39 開發者工具	https://web.archive.org/web/20191113171146id_/https://blog.mozilla.com.tw/?p=7378
7423	other	1	0	1	Firefox OS 動畫原力的黑暗面	https://web.archive.org/web/20190824002808id_/https://blog.mozilla.com.tw/?p=7423
7474	other	2	2	0	Firefox 開發者工具擴充套件：RDP Inspector	https://web.archive.org/web/20191113171059id_/https://blog.mozilla.com.tw/?p=7474
7575	other	2	2	0	來充電吧：Battery Status API 的更新消息	https://web.archive.org/web/20190825001002id_/https://blog.mozilla.com.tw/?p=7575
7619	other	2	2	0	Trainspotting 系列文章：Firefox 39	https://web.archive.org/web/20190825004121id_/https://blog.mozilla.com.tw/?p=7619
7655	other	4	0	4	淺談 Firefox 41 開發者工具	https://web.archive.org/web/20190825004121id_/https://blog.mozilla.com.tw/?p=7655
7690	other	1	1	0	歡慶 MDN 為大家記錄 Web 十年有成	https://web.archive.org/web/20190825010819id_/https://blog.mozilla.com.tw/?p=7690
7714	other	3	3	0	如何於 Windows 10 中重設或選擇 Firefox 為預設瀏覽器	https://web.archive.org/web/20191019115221id_/https://blog.mozilla.com.tw/?p=7714
7719	other	1	1	0	給微軟執行長的一封公開信：請別在選擇與控制權上走回頭路	https://web.archive.org/web/20191019115239id_/https://blog.mozilla.com.tw/?p=7719
7784	other	1	0	1	Mozilla Webmaker 與大家見面	https://web.archive.org/web/20190825010819id_/https://blog.mozilla.com.tw/?p=7784
7832	other	1	0	1	淺談 Firefox 42 開發者工具	https://web.archive.org/web/20190825011727id_/https://blog.mozilla.com.tw/?p=7832
8084	other	1	1	0	檢測網站的安全性與隱私設定	https://web.archive.org/web/20190824010456id_/https://blog.mozilla.com.tw/?p=8084
8103	other	1	0	1	淺談 Firefox 44 開發者工具	https://web.archive.org/web/20191019115145id_/https://blog.mozilla.com.tw/?p=8103
8121	other	2	2	0	整合 Firebug 與開發者工具	https://web.archive.org/web/20191019125404id_/https://blog.mozilla.com.tw/?p=8121
8171	other	5	5	0	MozFest 2015：為 Open Web 團結社群並串連領袖	https://web.archive.org/web/20191212145759id_/https://blog.mozilla.com.tw/?p=8171
8200	other	1	1	0	用 Firefox 及其他瀏覽器開拓 Web 的力量	https://web.archive.org/web/20191019121139id_/https://blog.mozilla.com.tw/?p=8200
8208	other	1	1	0	Firefox 的新記憶體工具	https://web.archive.org/web/20191019123419id_/https://blog.mozilla.com.tw/?p=8208
8212	other	1	1	0	透過 WebExtensions 將 Chrome 的擴充套件移植到 Firefox 上使用	https://web.archive.org/web/20190919103533id_/https://blog.mozilla.com.tw/?p=8212
8226	other	1	1	0	為大家更新 Web Components 與 Firefox 的消息	https://web.archive.org/web/20191019120028id_/https://blog.mozilla.com.tw/?p=8226
8246	other	1	1	0	Focus by Firefox – 為 Open Web 打造的內容攔截功能	https://web.archive.org/web/20190919110411id_/https://blog.mozilla.com.tw/?p=8246
8249	other	2	2	0	Focus by Firefox ─ iOS 專用內容攔截功能	https://web.archive.org/web/20191019131436id_/https://blog.mozilla.com.tw/?p=8249
8267	other	1	1	0	Firefox 隱私瀏覽模式可讓你進一步掌握己身資料	https://web.archive.org/web/20191019123753id_/https://blog.mozilla.com.tw/?p=8267
8271	other	1	1	0	現已釋出 Windows 適用的 Firefox 64 位元版本	https://web.archive.org/web/20190825010829id_/https://blog.mozilla.com.tw/?p=8271
8275	other	2	2	0	從 Game Jam 到行動裝置與 Firefox OS	https://web.archive.org/web/20191019115049id_/https://blog.mozilla.com.tw/?p=8275
8356	other	2	2	0	為 Firefox OS 電視打造遊戲 (上)	https://web.archive.org/web/20191019122130id_/https://blog.mozilla.com.tw/?p=8356
8357	other	1	1	0	為 Firefox OS 電視打造遊戲 (下)	https://web.archive.org/web/20191019130628id_/https://blog.mozilla.com.tw/?p=8357
8394	other	1	1	0	Mozilla 開放源碼支援專案首波得獎名單	https://web.archive.org/web/20191212140948id_/https://blog.mozilla.com.tw/?p=8394
8415	other	2	2	0	Mozilla 的 1 月份活動	https://web.archive.org/web/20191212140716id_/https://blog.mozilla.com.tw/?p=8415
8446	other	2	2	0	Firefox 44 已加入 Web 推播功能	https://web.archive.org/web/20191113175626id_/https://blog.mozilla.com.tw/?p=8446
8453	other	2	1	1	Mozilla 與 Caribou Digital 一同發佈全球應用程式經濟報告	https://web.archive.org/web/20191113180027id_/https://blog.mozilla.com.tw/?p=8453
8618	other	1	1	0	Mozilla 的 A-Frame 為虛擬實境新網站 #360Syria 提供震撼效果	https://web.archive.org/web/20191113180504id_/https://blog.mozilla.com.tw/?p=8618
8623	other	3	3	0	Mozilla 將 Web 推向遊戲平台新層次	https://web.archive.org/web/20191113171021id_/https://blog.mozilla.com.tw/?p=8623
8676	other	3	3	0	Web 內容的分析與偵測函式	https://web.archive.org/web/20191113172001id_/https://blog.mozilla.com.tw/?p=8676
8696	other	1	0	1	A-Frame 0.2.0：可擴充的 VR Web	https://web.archive.org/web/20191113181819id_/https://blog.mozilla.com.tw/?p=8696
8827	other	1	1	0	參與當然也算是社群的一部分	https://web.archive.org/web/20190825003006id_/https://blog.mozilla.com.tw/?p=8827
8832	other	2	2	0	將獨立製作的 Unity 遊戲匯至 WebVR	https://web.archive.org/web/20191019130312id_/https://blog.mozilla.com.tw/?p=8832
8889	other	2	2	0	Mozilla 透過 Codemoji 加密遊戲傳授加密的基本概念	https://web.archive.org/web/20191113181205id_/https://blog.mozilla.com.tw/?p=8889
8917	other	1	1	0	為了 Web 學寫程式碼吧！	https://web.archive.org/web/20191019130549id_/https://blog.mozilla.com.tw/?p=8917
8925	other	3	1	2	支援加州的公立教育以及 Web 素養活動	https://web.archive.org/web/20190825003006id_/https://blog.mozilla.com.tw/?p=8925
8938	other	1	1	0	讓 Web 為所有人運轉 (中)	https://web.archive.org/web/20190825005925id_/https://blog.mozilla.com.tw/?p=8938
8941	other	1	1	0	讓 Web 為所有人運轉 (下)	https://web.archive.org/web/20191212130850id_/https://blog.mozilla.com.tw/?p=8941
8977	other	5	5	0	Mozilla 釋出新版 Firefox for iOS 再度提升使用者經驗	https://web.archive.org/web/20191019120413id_/https://blog.mozilla.com.tw/?p=8977
9003	other	3	3	0	Firefox 桌面版與行動版今天再添強化功能	https://web.archive.org/web/20200927091956id_/https://blog.mozilla.com.tw/?p=9003
9015	other	3	3	0	Firefox 多程序後的下一步	https://web.archive.org/web/20200927092427id_/https://blog.mozilla.com.tw/?p=9015
9022	other	9	9	0	淺談 Firefox 50 開發者工具	https://web.archive.org/web/20200927093044id_/https://blog.mozilla.com.tw/?p=9022
9035	other	1	1	0	為大家精選 6 部有關加密的電影 (上)	https://web.archive.org/web/20191113174712id_/https://blog.mozilla.com.tw/?p=9035
9043	other	1	1	0	為大家精選 6 部有關加密的電影 (下)	https://web.archive.org/web/20191113171051id_/https://blog.mozilla.com.tw/?p=9043
9050	other	2	2	0	WebVR 1.0 已登上 Firefox Nightly	https://web.archive.org/web/20200927091503id_/https://blog.mozilla.com.tw/?p=9050
9071	other	5	5	0	將加密用於正軌的 5 位超級英雄	https://web.archive.org/web/20191113171015id_/https://blog.mozilla.com.tw/?p=9071
9100	other	1	1	0	歐盟的著作權法危害網路的創新與創意	https://web.archive.org/web/20191113171904id_/https://blog.mozilla.com.tw/?p=9100
9111	other	1	1	0	透過 Mozilla 的「Push」傳送 VAPID 驗證過的 WebPush 通知	https://web.archive.org/web/20191113171043id_/https://blog.mozilla.com.tw/?p=9111
9120	other	1	1	0	透過「Observatory」推動網路安全最佳實作	https://web.archive.org/web/20191113181724id_/https://blog.mozilla.com.tw/?p=9120
9128	other	3	3	0	2016 年「View Source」會議在柏林	https://web.archive.org/web/20191212130706id_/https://blog.mozilla.com.tw/?p=9128
9138	other	1	1	0	Firefox Nightly 現已實驗性的支援 HTC Vive	https://web.archive.org/web/20200927095331id_/https://blog.mozilla.com.tw/?p=9138
9153	other	1	1	0	對保密命令的反擊	https://web.archive.org/web/20191212143725id_/https://blog.mozilla.com.tw/?p=9153
9166	other	1	1	0	網路安全是共業	https://web.archive.org/web/20191212132003id_/https://blog.mozilla.com.tw/?p=9166
9228	other	3	3	0	介紹 debugger.html	https://web.archive.org/web/20200805164126id_/https://blog.mozilla.com.tw/?p=9228
9235	other	1	1	0	Firefox 49 可修復以 WebKit 所設計的網站，還有更多	https://web.archive.org/web/20200927103944id_/https://blog.mozilla.com.tw/?p=9235
9242	other	1	1	0	「測試領航員」專案釋出 3 項實驗功能	https://web.archive.org/web/20200927104454id_/https://blog.mozilla.com.tw/?p=9242
9246	other	13	13	0	你該參與的 MozFest 系列講座	https://web.archive.org/web/20200927094258id_/https://blog.mozilla.com.tw/?p=9246
9271	other	2	2	0	介紹「Open Innovation」工具組	https://web.archive.org/web/20200927090339id_/https://blog.mozilla.com.tw/?p=9271
9276	other	2	2	0	Firefox Account 即將提供裝置管理功能	https://web.archive.org/web/20200927090948id_/https://blog.mozilla.com.tw/?p=9276
9286	other	2	2	0	Maker Party 2016：為更好的網路挺身而出	https://web.archive.org/web/20200927093436id_/https://blog.mozilla.com.tw/?p=9286
9308	other	2	1	1	為另外十億人帶來網際網路的能量	https://web.archive.org/web/20200927103645id_/https://blog.mozilla.com.tw/?p=9308
