post_id	missing_upload_images	page_type	title	archive_url	sample_urls
3354	23	other	7/27 第二屆 Firefox 校園大使訓練營 – 超 High 花絮！(下集)	https://web.archive.org/web/20191019115013id_/https://blog.mozilla.com.tw/?p=3354	https://blog.mozilla.com.tw/wp-content/uploads/DSC09930.jpg | https://blog.mozilla.com.tw/wp-content/uploads/IMG_5272.jpg | https://blog.mozilla.com.tw/wp-content/uploads/IMG_5288.jpg | https://blog.mozilla.com.tw/wp-content/uploads/DSC09990.jpg | https://blog.mozilla.com.tw/wp-content/uploads/DSC00005.jpg
3032	21	other	2013 亞洲移動通信博覽會 Firefox OS 與你相約之花絮報導	https://web.archive.org/web/20190825012419id_/https://blog.mozilla.com.tw/?p=3032	https://blog.mozilla.com.tw/wp-content/uploads/MG_2606-300x200.jpg | https://blog.mozilla.com.tw/wp-content/uploads/%E3%80%900626-%E7%BE%8E%E5%95%86%E8%AC%80%E6%99%BA%E5%9C%96%E6%AA%94%E3%80%91Firefox-OS-%E6%94%A4%E4%BD%8D-300x225.jpg | https://blog.mozilla.com.tw/wp-content/uploads/MG_2680-300x199.jpg | https://blog.mozilla.com.tw/wp-content/uploads/MG_2632-300x199.jpg | https://blog.mozilla.com.tw/wp-content/uploads/MG_5033-200x300.jpg
9246	13	other	你該參與的 MozFest 系列講座	https://web.archive.org/web/20200927094258id_/https://blog.mozilla.com.tw/?p=9246	https://blog.mozilla.com.tw/wp-content/uploads/1xANBllOAu1lCByftlBwvsw.jpeg | https://blog.mozilla.com.tw/wp-content/uploads/1lHQg-s7Yd3v3Fa-pP_eheQ.png | https://blog.mozilla.com.tw/wp-content/uploads/18z9dySTO_wHIkjXgKbq5Eg.png | https://blog.mozilla.com.tw/wp-content/uploads/1BvdLlYPfZU7SgrmC7vAmaQ.gif | https://blog.mozilla.com.tw/wp-content/uploads/1aHB01vx82K_VOvqU1hQV2g.gif
9022	9	other	淺談 Firefox 50 開發者工具	https://web.archive.org/web/20200927093044id_/https://blog.mozilla.com.tw/?p=9022	https://blog.mozilla.com.tw/wp-content/uploads/webconsole_sourcemap-1024x595.gif | https://blog.mozilla.com.tw/wp-content/uploads/config_sourcemap-1024x267.png | https://blog.mozilla.com.tw/wp-content/uploads/console_stacktrace.png | https://blog.mozilla.com.tw/wp-content/uploads/network_stack_async-1024x249.png | https://blog.mozilla.com.tw/wp-content/uploads/idb_remove_entry-1024x186.png
2751	7	other	2013 JSDC 花絮報導	https://web.archive.org/web/20190825012419id_/https://blog.mozilla.com.tw/?p=2751	https://blog.mozilla.com.tw/wp-content/uploads/310-1024x764.jpg | https://blog.mozilla.com.tw/wp-content/uploads/64-1024x764.jpg | https://blog.mozilla.com.tw/wp-content/uploads/49-1024x764.jpg | https://blog.mozilla.com.tw/wp-content/uploads/29.jpg | https://blog.mozilla.com.tw/wp-content/uploads/310.jpg
3479	7	other	到 COSCUP 2013 找 Mozilla 人好多花絮！	https://web.archive.org/web/20190825001023id_/https://blog.mozilla.com.tw/?p=3479	https://blog.mozilla.com.tw/wp-content/uploads/DSC00030-1024x573.jpg | https://blog.mozilla.com.tw/wp-content/uploads/DSC00073-1024x573.jpg | https://blog.mozilla.com.tw/wp-content/uploads/DSC00133-1024x573.jpg | https://blog.mozilla.com.tw/wp-content/uploads/DSC00395-1024x573.jpg | https://blog.mozilla.com.tw/wp-content/uploads/DSC00362-1024x573.jpg
2819	6	other	寫好 Firefox OS 的 App 了嗎？快送進 Geeksphone 來玩玩吧！	https://web.archive.org/web/20201231235959id_/https://blog.mozilla.com.tw/?p=2819	https://blog.mozilla.com.tw/wp-content/uploads/simulatoronmac1.png | https://blog.mozilla.com.tw/wp-content/uploads/devicemanagerbefore.png | https://blog.mozilla.com.tw/wp-content/uploads/updatedriver1.png | https://blog.mozilla.com.tw/wp-content/uploads/updatedriver2.png | https://blog.mozilla.com.tw/wp-content/uploads/updatedriver3.png
7360	6	other	Pixel Perfect 2：Firefox 開發者工具擴充套件	https://web.archive.org/web/20191113180146id_/https://blog.mozilla.com.tw/?p=7360	https://blog.mozilla.com.tw/wp-content/uploads/logo_64x64.png | https://blog.mozilla.com.tw/wp-content/uploads/start-button.png | https://blog.mozilla.com.tw/wp-content/uploads/firebug-integration.png | https://blog.mozilla.com.tw/wp-content/uploads/empty-panel.png | https://blog.mozilla.com.tw/wp-content/uploads/layer-form-panel.png
3321	5	other	7/27 第二屆 Firefox 校園大使訓練營 – 超 High 花絮！(上集)	https://web.archive.org/web/20191019115133id_/https://blog.mozilla.com.tw/?p=3321	https://blog.mozilla.com.tw/wp-content/uploads/DSC09511.jpg | https://blog.mozilla.com.tw/wp-content/uploads/DSC09615.jpg | https://blog.mozilla.com.tw/wp-content/uploads/DSC09754.jpg | https://blog.mozilla.com.tw/wp-content/uploads/IMG_5190.jpg | https://blog.mozilla.com.tw/wp-content/uploads/DSC09837.jpg
8171	5	other	MozFest 2015：為 Open Web 團結社群並串連領袖	https://web.archive.org/web/20191212145759id_/https://blog.mozilla.com.tw/?p=8171	https://blog.mozilla.com.tw/wp-content/uploads/mozfest-1024x683.jpg | https://blog.mozilla.com.tw/wp-content/uploads/shapeweb-1024x683.jpg | https://blog.mozilla.com.tw/wp-content/uploads/kidsfest.png | https://blog.mozilla.com.tw/wp-content/uploads/22836694332_40a42f5ed1_o-600x400.jpg | https://blog.mozilla.com.tw/wp-content/uploads/22885142291_383827e7da_o-600x400.jpg
8977	5	other	Mozilla 釋出新版 Firefox for iOS 再度提升使用者經驗	https://web.archive.org/web/20191019120413id_/https://blog.mozilla.com.tw/?p=8977	https://blog.mozilla.com.tw/wp-content/uploads/addsearchcustom.jpg | https://blog.mozilla.com.tw/wp-content/uploads/%E8%9E%A2%E5%B9%95%E5%BF%AB%E7%85%A7-2016-07-27-15.52.35.png | https://blog.mozilla.com.tw/wp-content/uploads/undo-closed-tabs.jpg | https://blog.mozilla.com.tw/wp-content/uploads/IMG_6235-1-576x1024.png | https://blog.mozilla.com.tw/wp-content/uploads/Download_on_the_App_Store_Badge_US-UK_135x40-1.jpg
9071	5	other	將加密用於正軌的 5 位超級英雄	https://web.archive.org/web/20191113171015id_/https://blog.mozilla.com.tw/?p=9071	https://blog.mozilla.com.tw/wp-content/uploads/15oP_LLl9-NGQLNV103GwOQ-1024x485.jpeg | https://blog.mozilla.com.tw/wp-content/uploads/1C73YiYSmXVwtt82nvoQIrw.jpeg | https://blog.mozilla.com.tw/wp-content/uploads/1lrg4i5NQX0aOVEdiqbGp-A-1024x575.jpeg | https://blog.mozilla.com.tw/wp-content/uploads/1HpVyA79Hqi7hfUK9Tszm9g-1024x639.jpeg | https://blog.mozilla.com.tw/wp-content/uploads/1SR1tXFHsoAIz0MAOe4jxdg.jpeg
1813	4	other	[ 行動 App 開發密技 ] Remote-debugger	https://web.archive.org/web/20201231235959id_/https://blog.mozilla.com.tw/?p=1813	https://blog.mozilla.com.tw/wp-content/uploads/126.jpg | https://blog.mozilla.com.tw/wp-content/uploads/28.jpg | https://blog.mozilla.com.tw/wp-content/uploads/36.jpg | https://blog.mozilla.com.tw/wp-content/uploads/46.jpg
2560	4	other	Firefox OS Simulator 3.0 版來啦！	https://web.archive.org/web/20201231235959id_/https://blog.mozilla.com.tw/?p=2560	https://blog.mozilla.com.tw/wp-content/uploads/Simulator-overview1.png | https://blog.mozilla.com.tw/wp-content/uploads/Simulator-refresh.png | https://blog.mozilla.com.tw/wp-content/uploads/Simulator-quit.png | https://blog.mozilla.com.tw/wp-content/uploads/Simulator-manifest-error-expanded.png
646	3	other	快速、聰明、安全的Firefox for Android 版本全新登場！	https://web.archive.org/web/20190919102413id_/https://blog.mozilla.com.tw/?p=646	https://blog.mozilla.com.tw/wp-content/uploads/%E3%80%900627%E7%BE%8E%E5%95%86%E8%AC%80%E6%99%BA%E3%80%91%E5%85%A8%E6%96%B0%E7%9A%84%E4%BD%BF%E7%94%A8%E8%80%85%E4%BB%8B%E9%9D%A2%E5%8F%8A%E5%80%8B%E4%BA%BA%E5%8C%96%E7%9A%84%E5%95%93%E5%A7%8B%E7%95%AB%E9%9D%A2.jpg | https://blog.mozilla.com.tw/wp-content/uploads/%E3%80%900627%E7%BE%8E%E5%95%86%E8%AC%80%E6%99%BA%E3%80%91%E6%B8%AC%E8%A9%A6%E5%B7%A5%E5%85%B7Eideticker-%E6%8C%87%E5%87%BA%E6%96%B0%E7%89%88%E6%9C%AC%E5%BE%97%E5%88%B0%E8%B6%85%E8%B6%8A%E5%85%A7%E5%BB%BA%E7%80%8F%E8%A6%BD%E5%99%A8%E5%85%A9%E5%80%8D%E7%9A%84%E6%88%90%E7%B8%BE.jpg | https://blog.mozilla.com.tw/wp-content/uploads/%E3%80%900627%E7%BE%8E%E5%95%86%E8%AC%80%E6%99%BA%E3%80%91%E8%9E%8D%E5%85%A5Firefox-Sync-%E7%9A%84Awesome-Screen.jpg
2473	3	other	Firefox Flicks 2013 Early Entry Awards 首輪得獎名單	https://web.archive.org/web/20190825011315id_/https://blog.mozilla.com.tw/?p=2473	https://blog.mozilla.com.tw/wp-content/uploads/tumblr_inline_mlrw4sUras1qz4rgp.jpg | https://blog.mozilla.com.tw/wp-content/uploads/tumblr_inline_mlrw5bTl7I1qz4rgp.jpg | https://blog.mozilla.com.tw/wp-content/uploads/tumblr_inline_mlrw65s9sm1qz4rgp.jpg
2667	3	other	全台狐迷總動員，Firefox 全新功能酷炫登場！	https://web.archive.org/web/20190824003851id_/https://blog.mozilla.com.tw/?p=2667	https://blog.mozilla.com.tw/wp-content/uploads/%E3%80%900515-%E7%BE%8E%E5%95%86%E8%AC%80%E6%99%BA%E5%9C%96%E6%AA%94%E3%80%91%E5%8D%B3%E6%99%82%E6%9B%B4%E6%96%B0%E7%A7%91%E6%8A%80%E6%96%B0%E7%9F%A5%E7%9A%84-MyFirefox-%E9%A6%96%E9%A0%811.jpg | https://blog.mozilla.com.tw/wp-content/uploads/%E3%80%900515-%E7%BE%8E%E5%95%86%E8%AC%80%E6%99%BA%E5%9C%96%E6%AA%94%E3%80%91%E6%85%B6%E7%A5%9D-Firefox-%E4%B8%8A%E7%B7%9A-%E5%8D%B3%E6%97%A5%E8%B5%B7%E8%87%B36%E6%9C%8830%E6%97%A5%E7%86%B1%E9%AC%A7%E6%8E%A8%E5%87%BA%E3%80%8C%E7%8E%A9%E7%81%AB%E7%8B%90%E9%80%81%E6%89%8B%E6%A9%9F%E3%80%8D%E6%B4%BB%E5%8B%95-2.jpg | https://blog.mozilla.com.tw/wp-content/uploads/%E3%80%900515-%E7%BE%8E%E5%95%86%E8%AC%80%E6%99%BA%E5%9C%96%E6%AA%94%E3%80%91Firefox-%E5%86%8D%E6%96%B0%E5%A2%9E-Cliqz%E3%80%81Mixi%E3%80%81msnNow-%E7%AD%89%E7%A4%BE%E4%BA%A4%E6%9C%8D%E5%8B%99.jpg
2792	3	other	動動手，讓自己的網頁嵌入 WebRTC 視訊聊天功能！	https://web.archive.org/web/20201231235959id_/https://blog.mozilla.com.tw/?p=2792	https://blog.mozilla.com.tw/wp-content/uploads/webrtc-chat.png | https://blog.mozilla.com.tw/wp-content/uploads/webrtc-chat-channel-chooser.png | https://blog.mozilla.com.tw/wp-content/uploads/test1.jpg
2989	3	other	快來更新並用力測試 Firefox OS 開發者預覽手機 Geeksphone	https://web.archive.org/web/20201231235959id_/https://blog.mozilla.com.tw/?p=2989	https://blog.mozilla.com.tw/wp-content/uploads/checkupate.png | https://blog.mozilla.com.tw/wp-content/uploads/geeksphone-downloads.png | https://blog.mozilla.com.tw/wp-content/uploads/remote-debugging.png
3070	3	other	「2013 軟體創作達人暑期成長營」台南場、台北場演講花絮	https://web.archive.org/web/20190825012419id_/https://blog.mozilla.com.tw/?p=3070	https://blog.mozilla.com.tw/wp-content/uploads/DSC03334.jpg | https://blog.mozilla.com.tw/wp-content/uploads/DSC03359.jpg | https://blog.mozilla.com.tw/wp-content/uploads/DSC03361.jpg
3100	3	other	Firefox OS 裝置正式推出！	https://web.archive.org/web/20191113171152id_/https://blog.mozilla.com.tw/?p=3100	https://blog.mozilla.com.tw/wp-content/uploads/9221767355_8720618d0e.jpg | https://blog.mozilla.com.tw/wp-content/uploads/9224538782_94d7c52fde.jpg | https://blog.mozilla.com.tw/wp-content/uploads/Simulator-overview-500.png
4591	3	other	撰寫平台隨你選，Firefox OS 都「行」(下)	https://web.archive.org/web/20201231235959id_/https://blog.mozilla.com.tw/?p=4591	https://blog.mozilla.com.tw/wp-content/uploads/116522.png | https://blog.mozilla.com.tw/wp-content/uploads/115791.png | https://blog.mozilla.com.tw/wp-content/uploads/114459.png
6084	3	other	用 mozjpeg 產生高效率的 JPEG	https://web.archive.org/web/20190823235633id_/https://blog.mozilla.com.tw/?p=6084	https://blog.mozilla.com.tw/wp-content/uploads/JPEG-Quality-Comparison-593x1024.png | https://blog.mozilla.com.tw/wp-content/uploads/jpeg-baseline.png | https://blog.mozilla.com.tw/wp-content/uploads/jpeg-progressive.png
6166	3	other	為 Firefox OS 打造 Firefox 瀏覽器 (中)	https://web.archive.org/web/20190825004626id_/https://blog.mozilla.com.tw/?p=6166	https://blog.mozilla.com.tw/wp-content/uploads/firefox-os-browser-awesomebar.png | https://blog.mozilla.com.tw/wp-content/uploads/firefox-os-browser-share.png | https://blog.mozilla.com.tw/wp-content/uploads/firefox-os-browser-mwc-500.jpg
7714	3	other	如何於 Windows 10 中重設或選擇 Firefox 為預設瀏覽器	https://web.archive.org/web/20191019115221id_/https://blog.mozilla.com.tw/?p=7714	https://blog.mozilla.com.tw/wp-content/uploads/red-small-firefox-default-browser-prompt.png | https://blog.mozilla.com.tw/wp-content/uploads/red-small-system-setting-after-scroll.png | https://blog.mozilla.com.tw/wp-content/uploads/red-small-system-setting-change-to-firefox.png
8623	3	other	Mozilla 將 Web 推向遊戲平台新層次	https://web.archive.org/web/20191113171021id_/https://blog.mozilla.com.tw/?p=8623	https://blog.mozilla.com.tw/wp-content/uploads/%E8%9E%A2%E5%B9%95%E5%BF%AB%E7%85%A7-2016-03-16-10.01.59-1024x580.png | https://blog.mozilla.com.tw/wp-content/uploads/EVERYDAYiPLAY-DARPU.png | https://blog.mozilla.com.tw/wp-content/uploads/timeline-1024x465.jpg
8676	3	other	Web 內容的分析與偵測函式	https://web.archive.org/web/20191113172001id_/https://blog.mozilla.com.tw/?p=8676	https://blog.mozilla.com.tw/wp-content/uploads/image1.png | https://blog.mozilla.com.tw/wp-content/uploads/image5.png | https://blog.mozilla.com.tw/wp-content/uploads/image2.png
9003	3	other	Firefox 桌面版與行動版今天再添強化功能	https://web.archive.org/web/20200927091956id_/https://blog.mozilla.com.tw/?p=9003	https://blog.mozilla.com.tw/wp-content/uploads/AboutSupport.png | https://blog.mozilla.com.tw/wp-content/uploads/apple_pie-1024x277.png | https://blog.mozilla.com.tw/wp-content/uploads/Add-ons_Manager-1024x678.png
9015	3	other	Firefox 多程序後的下一步	https://web.archive.org/web/20200927092427id_/https://blog.mozilla.com.tw/?p=9015	https://blog.mozilla.com.tw/wp-content/uploads/index2-1024x580.png | https://blog.mozilla.com.tw/wp-content/uploads/index1-1024x580.png | https://blog.mozilla.com.tw/wp-content/uploads/index-1-1024x580.png
9128	3	other	2016 年「View Source」會議在柏林	https://web.archive.org/web/20191212130706id_/https://blog.mozilla.com.tw/?p=9128	https://blog.mozilla.com.tw/wp-content/uploads/%E8%9E%A2%E5%B9%95%E5%BF%AB%E7%85%A7-2016-09-02-09.41.19.png | https://blog.mozilla.com.tw/wp-content/uploads/22162956563_33da6f0ef9_b-768x512.jpg | https://blog.mozilla.com.tw/wp-content/uploads/22303070533_1256a838ab_b-768x512.jpg
9228	3	other	介紹 debugger.html	https://web.archive.org/web/20200805164126id_/https://blog.mozilla.com.tw/?p=9228	https://blog.mozilla.com.tw/wp-content/uploads/colla-1024x559.png | https://blog.mozilla.com.tw/wp-content/uploads/debug-1024x582.gif | https://blog.mozilla.com.tw/wp-content/uploads/jsfiddle-1024x696.png
416	2	post	Mozilla Firefox Beta 版本開放下載測試！	https://web.archive.org/web/20190919102157id_/https://blog.mozilla.com.tw/?p=416	https://blog.mozilla.com.tw/wp-content/uploads/2-1024x703.png | https://blog.mozilla.com.tw/wp-content/uploads/31-1024x703.png
2773	2	other	Firefox 分頁的 5 大使用秘訣	https://web.archive.org/web/20201231235959id_/https://blog.mozilla.com.tw/?p=2773	https://blog.mozilla.com.tw/wp-content/uploads/tabmixplus1.jpg | https://blog.mozilla.com.tw/wp-content/uploads/tab1.jpg
2935	2	other	多款 Firefox OS 手機亮相亞洲移動通信博覽會	https://web.archive.org/web/20190824003851id_/https://blog.mozilla.com.tw/?p=2935	https://blog.mozilla.com.tw/wp-content/uploads/%E6%90%AD%E8%BD%BDFirefox-OS%E7%9A%84%E4%B8%AD%E5%85%B4%E5%92%8C%E9%98%BF%E5%B0%94%E5%8D%A1%E7%89%B9%E6%89%8B%E6%9C%BA.jpg | https://blog.mozilla.com.tw/wp-content/uploads/Firefox-OS%E5%B1%95%E5%8F%B0.jpg
3001	2	other	5 個方法大聲散播 Firefox OS 上市的消息	https://web.archive.org/web/20201231235959id_/https://blog.mozilla.com.tw/?p=3001	https://blog.mozilla.com.tw/wp-content/uploads/ffxOS_300x2501.png | https://blog.mozilla.com.tw/wp-content/uploads/fb_social_avatar_403x403.png
3397	2	other	Telefonica 宣佈於南美洲推出首款 Firefox OS 裝置	https://web.archive.org/web/20201231235959id_/https://blog.mozilla.com.tw/?p=3397	https://blog.mozilla.com.tw/wp-content/uploads/Alcatel-One-Touch-Fire.png | https://blog.mozilla.com.tw/wp-content/uploads/ZTE-Open-Icon-Grid.png
3732	2	other	把 Firefox OS Web Apps 送進 ZTE Open 手機	https://web.archive.org/web/20201231235959id_/https://blog.mozilla.com.tw/?p=3732	https://blog.mozilla.com.tw/wp-content/uploads/devicemgr.png | https://blog.mozilla.com.tw/wp-content/uploads/browser-1024x520.png
4584	2	other	撰寫平台隨你選，Firefox OS 都「行」(中)	https://web.archive.org/web/20201231235959id_/https://blog.mozilla.com.tw/?p=4584	https://blog.mozilla.com.tw/wp-content/uploads/120536.png | https://blog.mozilla.com.tw/wp-content/uploads/89808.png
6333	2	other	淺談 Firefox 34 開發者工具	https://web.archive.org/web/20201231235959id_/https://blog.mozilla.com.tw/?p=6333	https://blog.mozilla.com.tw/wp-content/uploads/firefoxdevtools-1024x579.png | https://blog.mozilla.com.tw/wp-content/uploads/console.table_.png
6965	2	other	運用 Emscripten 移植遊戲 (下)	https://web.archive.org/web/20190919102237id_/https://blog.mozilla.com.tw/?p=6965	https://blog.mozilla.com.tw/wp-content/uploads/osmos-humble-1024x772.jpg | https://blog.mozilla.com.tw/wp-content/uploads/dusforce-1024x584.jpg
7370	2	other	用 Device Orientation 與 Vibration API 開發行動版遊戲	https://web.archive.org/web/20191019115006id_/https://blog.mozilla.com.tw/?p=7370	https://blog.mozilla.com.tw/wp-content/uploads/cyber-orb.png | https://blog.mozilla.com.tw/wp-content/uploads/cyber-orb-github-500x341.png
7378	2	other	淺談 Firefox 39 開發者工具	https://web.archive.org/web/20191113171146id_/https://blog.mozilla.com.tw/?p=7378	https://blog.mozilla.com.tw/wp-content/uploads/cubic-1024x658.gif | https://blog.mozilla.com.tw/wp-content/uploads/pseudo-array.png
7474	2	other	Firefox 開發者工具擴充套件：RDP Inspector	https://web.archive.org/web/20191113171059id_/https://blog.mozilla.com.tw/?p=7474	https://blog.mozilla.com.tw/wp-content/uploads/start-button1.png | https://blog.mozilla.com.tw/wp-content/uploads/send-packet1.png
7575	2	other	來充電吧：Battery Status API 的更新消息	https://web.archive.org/web/20190825001002id_/https://blog.mozilla.com.tw/?p=7575	https://blog.mozilla.com.tw/wp-content/uploads/battery-low.png | https://blog.mozilla.com.tw/wp-content/uploads/battery-medium.png
7619	2	other	Trainspotting 系列文章：Firefox 39	https://web.archive.org/web/20190825004121id_/https://blog.mozilla.com.tw/?p=7619	https://blog.mozilla.com.tw/wp-content/uploads/cubic1-1024x658.gif | https://blog.mozilla.com.tw/wp-content/uploads/scroll-snap.gif
8121	2	other	整合 Firebug 與開發者工具	https://web.archive.org/web/20191019125404id_/https://blog.mozilla.com.tw/?p=8121	https://blog.mozilla.com.tw/wp-content/uploads/wsm10.png | https://blog.mozilla.com.tw/wp-content/uploads/start-button2.png
8249	2	other	Focus by Firefox ─ iOS 專用內容攔截功能	https://web.archive.org/web/20191019131436id_/https://blog.mozilla.com.tw/?p=8249	https://blog.mozilla.com.tw/wp-content/uploads/focus_blog-1024x797.jpg | https://blog.mozilla.com.tw/wp-content/uploads/app-download.jpg
8275	2	other	從 Game Jam 到行動裝置與 Firefox OS	https://web.archive.org/web/20191019115049id_/https://blog.mozilla.com.tw/?p=8275	https://blog.mozilla.com.tw/wp-content/uploads/gaming.png | https://blog.mozilla.com.tw/wp-content/uploads/unscaled.png
8356	2	other	為 Firefox OS 電視打造遊戲 (上)	https://web.archive.org/web/20191019122130id_/https://blog.mozilla.com.tw/?p=8356	https://blog.mozilla.com.tw/wp-content/uploads/captainrogers-mainmenu.png | https://blog.mozilla.com.tw/wp-content/uploads/captainrogers2-cover.png
8415	2	other	Mozilla 的 1 月份活動	https://web.archive.org/web/20191212140716id_/https://blog.mozilla.com.tw/?p=8415	https://blog.mozilla.com.tw/wp-content/uploads/new-profile-768x548-600x428.png | https://blog.mozilla.com.tw/wp-content/uploads/CZQE241WIAA6R2J.jpg
8446	2	other	Firefox 44 已加入 Web 推播功能	https://web.archive.org/web/20191113175626id_/https://blog.mozilla.com.tw/?p=8446	https://blog.mozilla.com.tw/wp-content/uploads/Screen-Shot-2016-01-25-at-00.23.03-500x232.png | https://blog.mozilla.com.tw/wp-content/uploads/Screen-Shot-2016-01-25-at-00.20.13-500x216.png
8832	2	other	將獨立製作的 Unity 遊戲匯至 WebVR	https://web.archive.org/web/20191019130312id_/https://blog.mozilla.com.tw/?p=8832	https://blog.mozilla.com.tw/wp-content/uploads/SECVRITY-at-GDC-1024x580.jpg | https://blog.mozilla.com.tw/wp-content/uploads/oculus-rift-vr-headset-1200x698-500x291.jpg
8889	2	other	Mozilla 透過 Codemoji 加密遊戲傳授加密的基本概念	https://web.archive.org/web/20191113181205id_/https://blog.mozilla.com.tw/?p=8889	https://blog.mozilla.com.tw/wp-content/uploads/codemoji.gif | https://blog.mozilla.com.tw/wp-content/uploads/week2_codemoji_04-768x402.jpg
9050	2	other	WebVR 1.0 已登上 Firefox Nightly	https://web.archive.org/web/20200927091503id_/https://blog.mozilla.com.tw/?p=9050	https://blog.mozilla.com.tw/wp-content/uploads/1PZg_jhtaquPGdvbeuhdPCA-1024x517.png | https://blog.mozilla.com.tw/wp-content/uploads/1xwaEG4cjfEtx6PfHM46u_w.jpeg
9271	2	other	介紹「Open Innovation」工具組	https://web.archive.org/web/20200927090339id_/https://blog.mozilla.com.tw/?p=9271	https://blog.mozilla.com.tw/wp-content/uploads/0-boCCce4-r82tM-hq-1024x572.png | https://blog.mozilla.com.tw/wp-content/uploads/1-aH5eIdvzzQI3k7Ynh0Xllw.png
9276	2	other	Firefox Account 即將提供裝置管理功能	https://web.archive.org/web/20200927090948id_/https://blog.mozilla.com.tw/?p=9276	https://blog.mozilla.com.tw/wp-content/uploads/devices-fxa-2.png | https://blog.mozilla.com.tw/wp-content/uploads/device-name-2.png
9286	2	other	Maker Party 2016：為更好的網路挺身而出	https://web.archive.org/web/20200927093436id_/https://blog.mozilla.com.tw/?p=9286	https://blog.mozilla.com.tw/wp-content/uploads/02_makerparty-1024x512.jpg | https://blog.mozilla.com.tw/wp-content/uploads/jerT0QlBSxplJIEuYs9hcvVzN45cKvQoeyKzsEsArbRFcknsfSW720mXzCthTgb7gQ-pHoj5QZSHsfcw1339-h575.jpg
186	1	post	Firefox 新增開發者工具和附加元件同步功能	https://web.archive.org/web/20190919102157id_/https://blog.mozilla.com.tw/?p=186	https://blog.mozilla.com.tw/wp-content/uploads/FX11-300x300.png
247	1	attachment	【0322美商謀智新聞圖片】09 各界共襄盛舉，祝福Mozilla Taiwan 生日快樂	https://web.archive.org/web/20150524221719id_/https://blog.mozilla.com.tw/?p=247	https://blog.mozilla.com.tw/wp-content/uploads/%E3%80%900322%E7%BE%8E%E5%95%86%E8%AC%80%E6%99%BA%E6%96%B0%E8%81%9E%E5%9C%96%E7%89%87%E3%80%9109-%E5%90%84%E7%95%8C%E5%85%B1%E8%A5%84%E7%9B%9B%E8%88%89%EF%BC%8C%E7%A5%9D%E7%A6%8FMozilla-Taiwan-%E7%94%9F%E6%97%A5%E5%BF%AB%E6%A8%82.jpg
898	1	attachment	開發者工具列的命令列工具可以用來抓圖	https://web.archive.org/web/20201231235959id_/https://blog.mozilla.com.tw/?p=898	https://blog.mozilla.com.tw/wp-content/uploads/%E8%9E%A2%E5%B9%95%E5%BF%AB%E7%85%A7-2012-08-31-%E4%B8%8B%E5%8D%884.51.18.png
1485	1	attachment	1	https://web.archive.org/web/20201231235959id_/https://blog.mozilla.com.tw/?p=1485	https://blog.mozilla.com.tw/wp-content/uploads/118.jpg
1487	1	attachment	3	https://web.archive.org/web/20201231235959id_/https://blog.mozilla.com.tw/?p=1487	https://blog.mozilla.com.tw/wp-content/uploads/34.jpg
1680	1	other	「狐迷召集令」得獎名單公佈	https://web.archive.org/web/20190825010158id_/https://blog.mozilla.com.tw/?p=1680	https://blog.mozilla.com.tw/wp-content/uploads/pillow1.jpg
1706	1	other	Mozilla 2012 全體動員令	https://web.archive.org/web/20190824001628id_/https://blog.mozilla.com.tw/?p=1706	https://blog.mozilla.com.tw/wp-content/uploads/mozillaInfographic12_2012LG_%E4%B8%AD%E6%96%87-011.jpg
1794	1	other	[ 活動公告 ] 1/26 Firefox OS App Days 報名入選名單	https://web.archive.org/web/20190825010158id_/https://blog.mozilla.com.tw/?p=1794	https://blog.mozilla.com.tw/wp-content/uploads/App-days1.jpg
1846	1	other	1/26 Firefox OS App Days 活動花絮	https://web.archive.org/web/20190825010158id_/https://blog.mozilla.com.tw/?p=1846	https://blog.mozilla.com.tw/wp-content/uploads/IMG_2733.jpg
1894	1	other	『除舊佈新，Firefox 祝你蛇年行大運！』得獎名單公告	https://web.archive.org/web/20190825010158id_/https://blog.mozilla.com.tw/?p=1894	https://blog.mozilla.com.tw/wp-content/uploads/pic-new-year.jpg
1899	1	other	透過 Click to Play 功能，外掛程式啟用由您自訂	https://web.archive.org/web/20190824002718id_/https://blog.mozilla.com.tw/?p=1899	https://blog.mozilla.com.tw/wp-content/uploads/ctp-in-action1-252x200.png
1915	1	other	Firefox OS App Days 得獎專訪 – 第一名 When Arrival	https://web.archive.org/web/20190825010158id_/https://blog.mozilla.com.tw/?p=1915	https://blog.mozilla.com.tw/wp-content/uploads/IMG_2755.jpg
1978	1	other	Firefox Beta 全新強化隱私瀏覽模式，可獨立開啓隱私瀏覽視窗！	https://web.archive.org/web/20190824010142id_/https://blog.mozilla.com.tw/?p=1978	https://blog.mozilla.com.tw/wp-content/uploads/Download-Manager-600x484.png
2011	1	other	Firefox for Android Beta 許您獨一無二的瀏覽體驗，再添隱私瀏覽模式	https://web.archive.org/web/20190824002718id_/https://blog.mozilla.com.tw/?p=2011	https://blog.mozilla.com.tw/wp-content/uploads/11-53-28-58b5041.jpg
2030	1	other	WebRTC－手機隨時分享、掌握所有資訊！	https://web.archive.org/web/20201231235959id_/https://blog.mozilla.com.tw/?p=2030	https://blog.mozilla.com.tw/wp-content/uploads/Ericsson_MWC_Mozilla_1081-600x399.jpg
2042	1	other	台灣版 Firefox – Open Beta 開放測試中！外觀介紹搶先看！	https://web.archive.org/web/20201231235959id_/https://blog.mozilla.com.tw/?p=2042	https://blog.mozilla.com.tw/wp-content/uploads/127.jpg
2110	1	other	Firefox 為你的 Google 閱讀器找到另一種選擇	https://web.archive.org/web/20201231235959id_/https://blog.mozilla.com.tw/?p=2110	https://blog.mozilla.com.tw/wp-content/uploads/feedly-600x374.png
2516	1	other	把 Firefox 的搜尋列與網址列合而為一	https://web.archive.org/web/20201231235959id_/https://blog.mozilla.com.tw/?p=2516	https://blog.mozilla.com.tw/wp-content/uploads/foobar1.png
2536	1	other	【Firefox 祕技】Firefox for Android 為更多手機提供更多功能	https://web.archive.org/web/20201231235959id_/https://blog.mozilla.com.tw/?p=2536	https://blog.mozilla.com.tw/wp-content/uploads/android_feature21.png
2581	1	other	《戰爭機器》製作公司展現強大的 Web 遊戲平台	https://web.archive.org/web/20201231235959id_/https://blog.mozilla.com.tw/?p=2581	https://blog.mozilla.com.tw/wp-content/uploads/epic2.jpg
2653	1	other	全新企劃：Phones for Apps for Firefox OS	https://web.archive.org/web/20201231235959id_/https://blog.mozilla.com.tw/?p=2653	https://blog.mozilla.com.tw/wp-content/uploads/GeeksphoneDOFMarket-500x6401.jpg
2842	1	other	Firefox 有新的下載管理員功能囉！	https://web.archive.org/web/20190824002920id_/https://blog.mozilla.com.tw/?p=2842	https://blog.mozilla.com.tw/wp-content/uploads/logo.jpg
2882	1	other	確認自己下載了真正的 Firefox，也同時小心間諜或詐騙軟體！	https://web.archive.org/web/20190824002920id_/https://blog.mozilla.com.tw/?p=2882	https://blog.mozilla.com.tw/wp-content/uploads/FFwallpaper_403x403-160x1602.jpg
2902	1	other	就是要好玩的 Firefox 附加元件！	https://web.archive.org/web/20190824002920id_/https://blog.mozilla.com.tw/?p=2902	https://blog.mozilla.com.tw/wp-content/uploads/community.png
2910	1	other	「5 月電子報有獎徵答」得獎名單公佈	https://web.archive.org/web/20190825012419id_/https://blog.mozilla.com.tw/?p=2910	https://blog.mozilla.com.tw/wp-content/uploads/pic-new-year2.jpg
2954	1	other	全新 Firefox Logo 與 Firefox Beta 版亮眼登場！	https://web.archive.org/web/20190824002920id_/https://blog.mozilla.com.tw/?p=2954	https://blog.mozilla.com.tw/wp-content/uploads/firefox_logo-only_CMYK.png
3017	1	other	全新 Firefox 識別標誌 ─ 迎向 Firefox 的新世代	https://web.archive.org/web/20201231235959id_/https://blog.mozilla.com.tw/?p=3017	https://blog.mozilla.com.tw/wp-content/uploads/infographic.png
3092	1	other	德國電信宣佈 Firefox OS 手機於歐洲上市！	https://web.archive.org/web/20191113175135id_/https://blog.mozilla.com.tw/?p=3092	https://blog.mozilla.com.tw/wp-content/uploads/Altactel-One-Touch-Fire-small-252x417.jpg
3179	1	other	開發者的 Firefox OS：讓 HTML5 得以完全發揮的平台	https://web.archive.org/web/20190824003748id_/https://blog.mozilla.com.tw/?p=3179	https://blog.mozilla.com.tw/wp-content/uploads/be-the-future.png
3898	1	other	Firefox 開發者工具的新功能 (上)	https://web.archive.org/web/20201231235959id_/https://blog.mozilla.com.tw/?p=3898	https://blog.mozilla.com.tw/wp-content/uploads/dev-tools-pseudo-element.png
4525	1	other	Mozilla 的 2013 年度回顧	https://web.archive.org/web/20190824010111id_/https://blog.mozilla.com.tw/?p=4525	https://blog.mozilla.com.tw/wp-content/uploads/mozilla_eoy_2013zh-v.7-229x1024.png
4693	1	other	Firefox OS 放眼未來	https://web.archive.org/web/20201231235959id_/https://blog.mozilla.com.tw/?p=4693	https://blog.mozilla.com.tw/wp-content/uploads/look-ahead.jpg
4857	1	other	Firefox OS 適用的 WebGL 與 CreateJS (下)	https://web.archive.org/web/20201231235959id_/https://blog.mozilla.com.tw/?p=4857	https://blog.mozilla.com.tw/wp-content/uploads/bunny.jpg
5388	1	other	Firefox OS App 開發入門 (7)：Web Activities	https://web.archive.org/web/20190825004817id_/https://blog.mozilla.com.tw/?p=5388	https://blog.mozilla.com.tw/wp-content/uploads/web-activities-1024x574.jpg
5424	1	other	募集強大的 Web App 開發工具	https://web.archive.org/web/20190825004817id_/https://blog.mozilla.com.tw/?p=5424	https://blog.mozilla.com.tw/wp-content/uploads/web-app-tools1.jpg
5663	1	other	用 TogetherJS 與 CreateJS 開發多人遊戲 (上)	https://web.archive.org/web/20190825002545id_/https://blog.mozilla.com.tw/?p=5663	https://blog.mozilla.com.tw/wp-content/uploads/screenshot.png
5740	1	other	Firefox OS 合作版圖再下一城	https://web.archive.org/web/20190824011311id_/https://blog.mozilla.com.tw/?p=5740	https://blog.mozilla.com.tw/wp-content/uploads/Photo-of-Firefox-OS-smartphone-in-ultra-low-cost-category-1024x722.jpg
5846	1	other	介紹 Firefox 開發者工具之 Web Audio 編輯器	https://web.archive.org/web/20201231235959id_/https://blog.mozilla.com.tw/?p=5846	https://blog.mozilla.com.tw/wp-content/uploads/Web-Audio-Editor-1-1024x391.png
5858	1	other	Mozilla 宣佈建構新的線上社群平台	https://web.archive.org/web/20201231235959id_/https://blog.mozilla.com.tw/?p=5858	https://blog.mozilla.com.tw/wp-content/uploads/opennews-1024x766.jpg
5952	1	other	Mozilla 率先開發之技術首次應用於 Web 商業遊戲	https://web.archive.org/web/20190825003535id_/https://blog.mozilla.com.tw/?p=5952	https://blog.mozilla.com.tw/wp-content/uploads/keeper-1024x607.jpg
6031	1	other	HTML5 遊戲開發資源 (上)	https://web.archive.org/web/20190825003535id_/https://blog.mozilla.com.tw/?p=6031	https://blog.mozilla.com.tw/wp-content/uploads/ShaderEditor-1024x696.png
6092	1	other	Firefox Marketplace：付款服務狀態	https://web.archive.org/web/20190823235633id_/https://blog.mozilla.com.tw/?p=6092	https://blog.mozilla.com.tw/wp-content/uploads/Payment-accounts.png
6098	1	other	『Firefox 愛在鵲橋 狐你幸福』活動得獎名單公告	https://web.archive.org/web/20190825001612id_/https://blog.mozilla.com.tw/?p=6098	https://blog.mozilla.com.tw/wp-content/uploads/notebook-1024x652.jpg
6324	1	other	「PhoneGap Developer」支援 Firefox OS 搶先看	https://web.archive.org/web/20190825004626id_/https://blog.mozilla.com.tw/?p=6324	https://blog.mozilla.com.tw/wp-content/uploads/phonegapfxos.png
6359	1	other	以 Firefox 附加元件跨裝置與瀏覽器開發 Web	https://web.archive.org/web/20201231235959id_/https://blog.mozilla.com.tw/?p=6359	https://blog.mozilla.com.tw/wp-content/uploads/newaddon-1024x572.png
6648	1	other	首款開發者專屬瀏覽器即將登場	https://web.archive.org/web/20201231235959id_/https://blog.mozilla.com.tw/?p=6648	https://blog.mozilla.com.tw/wp-content/uploads/fx10-1024x566.png
6679	1	other	首款專為開發者打造的瀏覽器：Firefox 開發者版本	https://web.archive.org/web/20201231235959id_/https://blog.mozilla.com.tw/?p=6679	https://blog.mozilla.com.tw/wp-content/uploads/screenshot.jpg
6715	1	other	祝賀 Firefox 的十年	https://web.archive.org/web/20201231235959id_/https://blog.mozilla.com.tw/?p=6715	https://blog.mozilla.com.tw/wp-content/uploads/forget-2.png
6824	1	other	更輕鬆使用自動補完函式庫 (Polyfill)	https://web.archive.org/web/20201231235959id_/https://blog.mozilla.com.tw/?p=6824	https://blog.mozilla.com.tw/wp-content/uploads/unicorn.jpg
6912	1	other	愛立信 (Ericsson) 現讓 OpenWebRTC 與 Firefox 可互相溝通	https://web.archive.org/web/20190919110902id_/https://blog.mozilla.com.tw/?p=6912	https://blog.mozilla.com.tw/wp-content/uploads/Ericsson.png
7129	1	other	到 MWC 2015 體驗最新 Firefox OS 裝置並了解 Mozilla 的關鍵下一步	https://web.archive.org/web/20200927101042id_/https://blog.mozilla.com.tw/?p=7129	https://blog.mozilla.com.tw/wp-content/uploads/Mozilla_MWC_Map_2015-1024x431.jpg
7241	1	other	asm.js 在多家瀏覽器上的效能均有斬獲 (上)	https://web.archive.org/web/20190825011841id_/https://blog.mozilla.com.tw/?p=7241	https://blog.mozilla.com.tw/wp-content/uploads/DT2-1024x642.png
7250	1	other	與 Combain 合作完善 Mozilla 的定位服務	https://web.archive.org/web/20190825012056id_/https://blog.mozilla.com.tw/?p=7250	https://blog.mozilla.com.tw/wp-content/uploads/geolocation-1024x567.png
7284	1	other	SVG 圖像最佳化	https://web.archive.org/web/20191113174006id_/https://blog.mozilla.com.tw/?p=7284	https://blog.mozilla.com.tw/wp-content/uploads/merge-paths-technique-1024x281.png
7331	1	other	你的開發者工具還缺哪些功能呢？	https://web.archive.org/web/20191113172335id_/https://blog.mozilla.com.tw/?p=7331	https://blog.mozilla.com.tw/wp-content/uploads/eyedropper1.png
7690	1	other	歡慶 MDN 為大家記錄 Web 十年有成	https://web.archive.org/web/20190825010819id_/https://blog.mozilla.com.tw/?p=7690	https://blog.mozilla.com.tw/wp-content/uploads/MozMDN10-2_bluephl-407x1024.png
7719	1	other	給微軟執行長的一封公開信：請別在選擇與控制權上走回頭路	https://web.archive.org/web/20191019115239id_/https://blog.mozilla.com.tw/?p=7719	https://blog.mozilla.com.tw/wp-content/uploads/freeyourself-1024x423.jpg
8084	1	other	檢測網站的安全性與隱私設定	https://web.archive.org/web/20190824010456id_/https://blog.mozilla.com.tw/?p=8084	https://blog.mozilla.com.tw/wp-content/uploads/%E8%9E%A2%E5%B9%95%E5%BF%AB%E7%85%A7-2015-11-04-%E4%B8%8B%E5%8D%882.22.01.png
8200	1	other	用 Firefox 及其他瀏覽器開拓 Web 的力量	https://web.archive.org/web/20191019121139id_/https://blog.mozilla.com.tw/?p=8200	https://blog.mozilla.com.tw/wp-content/uploads/service_webapps.png
8208	1	other	Firefox 的新記憶體工具	https://web.archive.org/web/20191019123419id_/https://blog.mozilla.com.tw/?p=8208	https://blog.mozilla.com.tw/wp-content/uploads/memory-tool1-1024x666.png
8212	1	other	透過 WebExtensions 將 Chrome 的擴充套件移植到 Firefox 上使用	https://web.archive.org/web/20190919103533id_/https://blog.mozilla.com.tw/?p=8212	https://blog.mozilla.com.tw/wp-content/uploads/%E8%9E%A2%E5%B9%95%E5%BF%AB%E7%85%A7-2015-11-30-%E4%B8%8A%E5%8D%8810.43.49-1024x658.png
8226	1	other	為大家更新 Web Components 與 Firefox 的消息	https://web.archive.org/web/20191019120028id_/https://blog.mozilla.com.tw/?p=8226	https://blog.mozilla.com.tw/wp-content/uploads/%E8%9E%A2%E5%B9%95%E5%BF%AB%E7%85%A7-2015-12-02-%E4%B8%8B%E5%8D%882.45.49-1024x616.png
8246	1	other	Focus by Firefox – 為 Open Web 打造的內容攔截功能	https://web.archive.org/web/20190919110411id_/https://blog.mozilla.com.tw/?p=8246	https://blog.mozilla.com.tw/wp-content/uploads/id-2956939-firefox-100600832-large.jpg
8267	1	other	Firefox 隱私瀏覽模式可讓你進一步掌握己身資料	https://web.archive.org/web/20191019123753id_/https://blog.mozilla.com.tw/?p=8267	https://blog.mozilla.com.tw/wp-content/uploads/track-protect-1024x682.png
8271	1	other	現已釋出 Windows 適用的 Firefox 64 位元版本	https://web.archive.org/web/20190825010829id_/https://blog.mozilla.com.tw/?p=8271	https://blog.mozilla.com.tw/wp-content/uploads/all-system-1024x734.png
8357	1	other	為 Firefox OS 電視打造遊戲 (下)	https://web.archive.org/web/20191019130628id_/https://blog.mozilla.com.tw/?p=8357	https://blog.mozilla.com.tw/wp-content/uploads/captainrogers2-remote.png
8394	1	other	Mozilla 開放源碼支援專案首波得獎名單	https://web.archive.org/web/20191212140948id_/https://blog.mozilla.com.tw/?p=8394	https://blog.mozilla.com.tw/wp-content/uploads/id-2956939-firefox-100600832-large.jpg
8453	1	other	Mozilla 與 Caribou Digital 一同發佈全球應用程式經濟報告	https://web.archive.org/web/20191113180027id_/https://blog.mozilla.com.tw/?p=8453	https://blog.mozilla.com.tw/wp-content/uploads/App-economy.png
8618	1	other	Mozilla 的 A-Frame 為虛擬實境新網站 #360Syria 提供震撼效果	https://web.archive.org/web/20191113180504id_/https://blog.mozilla.com.tw/?p=8618	https://blog.mozilla.com.tw/wp-content/uploads/FoS-1024x637.jpg
8827	1	other	參與當然也算是社群的一部分	https://web.archive.org/web/20190825003006id_/https://blog.mozilla.com.tw/?p=8827	https://blog.mozilla.com.tw/wp-content/uploads/2013_summit-1024x683.jpg
8917	1	other	為了 Web 學寫程式碼吧！	https://web.archive.org/web/20191019130549id_/https://blog.mozilla.com.tw/?p=8917	https://blog.mozilla.com.tw/wp-content/uploads/%E8%9E%A2%E5%B9%95%E5%BF%AB%E7%85%A7-2016-07-06-16.42.03.png
8925	1	other	支援加州的公立教育以及 Web 素養活動	https://web.archive.org/web/20190825003006id_/https://blog.mozilla.com.tw/?p=8925	https://blog.mozilla.com.tw/wp-content/uploads/Web-Literacy-768x384.png
8938	1	other	讓 Web 為所有人運轉 (中)	https://web.archive.org/web/20190825005925id_/https://blog.mozilla.com.tw/?p=8938	https://blog.mozilla.com.tw/wp-content/uploads/webcompat_blog_graphics_600x800-03-768x1024.jpg
8941	1	other	讓 Web 為所有人運轉 (下)	https://web.archive.org/web/20191212130850id_/https://blog.mozilla.com.tw/?p=8941	https://blog.mozilla.com.tw/wp-content/uploads/webcompat_blog_graphics_600x800-04-768x1024.jpg
9035	1	other	為大家精選 6 部有關加密的電影 (上)	https://web.archive.org/web/20191113174712id_/https://blog.mozilla.com.tw/?p=9035	https://blog.mozilla.com.tw/wp-content/uploads/1U9MM2AJ7tlXR_1BDvEcdoQ-1024x664.jpeg
9043	1	other	為大家精選 6 部有關加密的電影 (下)	https://web.archive.org/web/20191113171051id_/https://blog.mozilla.com.tw/?p=9043	https://blog.mozilla.com.tw/wp-content/uploads/1U9MM2AJ7tlXR_1BDvEcdoQ-1024x664.jpeg
9100	1	other	歐盟的著作權法危害網路的創新與創意	https://web.archive.org/web/20191113171904id_/https://blog.mozilla.com.tw/?p=9100	https://blog.mozilla.com.tw/wp-content/uploads/03_copyright_facebook-1024x536.jpg
9111	1	other	透過 Mozilla 的「Push」傳送 VAPID 驗證過的 WebPush 通知	https://web.archive.org/web/20191113171043id_/https://blog.mozilla.com.tw/?p=9111	https://blog.mozilla.com.tw/wp-content/uploads/push-1.png
9120	1	other	透過「Observatory」推動網路安全最佳實作	https://web.archive.org/web/20191113181724id_/https://blog.mozilla.com.tw/?p=9120	https://blog.mozilla.com.tw/wp-content/uploads/0Wr7f6FcZDfZBNXZP.-1024x492.png
9138	1	other	Firefox Nightly 現已實驗性的支援 HTC Vive	https://web.archive.org/web/20200927095331id_/https://blog.mozilla.com.tw/?p=9138	https://blog.mozilla.com.tw/wp-content/uploads/1rppPzXIHehdGoJH6LKSIrg-1024x749.jpeg
9153	1	other	對保密命令的反擊	https://web.archive.org/web/20191212143725id_/https://blog.mozilla.com.tw/?p=9153	https://blog.mozilla.com.tw/wp-content/uploads/banner-encryption-locks-1024x540.jpg
9166	1	other	網路安全是共業	https://web.archive.org/web/20191212132003id_/https://blog.mozilla.com.tw/?p=9166	https://blog.mozilla.com.tw/wp-content/uploads/hero-cybersecurity.b5dd7f6b0aca.png
9235	1	other	Firefox 49 可修復以 WebKit 所設計的網站，還有更多	https://web.archive.org/web/20200927103944id_/https://blog.mozilla.com.tw/?p=9235	https://blog.mozilla.com.tw/wp-content/uploads/okcupid-1024x745.png
9242	1	other	「測試領航員」專案釋出 3 項實驗功能	https://web.archive.org/web/20200927104454id_/https://blog.mozilla.com.tw/?p=9242	https://blog.mozilla.com.tw/wp-content/uploads/%E8%9E%A2%E5%B9%95%E5%BF%AB%E7%85%A7-2016-10-05-11.23.59.png
9308	1	other	為另外十億人帶來網際網路的能量	https://web.archive.org/web/20200927103645id_/https://blog.mozilla.com.tw/?p=9308	https://blog.mozilla.com.tw/wp-content/uploads/equalratingchallenge-logo-600x332.jpg
