"post_id","date","title","status","asset_status","original_url","archive_url"
"296","2012-06-04","JavaScript 如何定義 Function","ok","skipped","https://tech.mozilla.com.tw/?p=296","https://web.archive.org/web/20130530073340id_/https://tech.mozilla.com.tw/?p=296"
"326","2012-07-02","Meta-programming in JavaScript","ok","skipped","https://tech.mozilla.com.tw/?p=326","https://web.archive.org/web/20140705192302id_/https://tech.mozilla.com.tw/?p=326"
"378","2012-07-09","Gecko內部探索 – 如何使用 Thread","ok","skipped","https://tech.mozilla.com.tw/?p=378","https://web.archive.org/web/20140723181538id_/https://tech.mozilla.com.tw/?p=378"
"396","2012-07-23","Firefox OS (B2G) porting 流程概談","ok","skipped","https://tech.mozilla.com.tw/?p=396","https://web.archive.org/web/20140705215910id_/https://tech.mozilla.com.tw/?p=396"
"407","2012-07-30","只要出問題， C4炸藥 gdb 都能搞定","ok","skipped","https://tech.mozilla.com.tw/?p=407","https://web.archive.org/web/20140723155110id_/https://tech.mozilla.com.tw/?p=407"
"415","2012-07-16","Firefox OS (B2G) – 改變你，改變世界！","ok","skipped","https://tech.mozilla.com.tw/?p=415","https://web.archive.org/web/20140723215047id_/https://tech.mozilla.com.tw/?p=415"
"942","2012-10-22","Let a wireframe be an app in the iframe","ok","skipped","https://tech.mozilla.com.tw/?p=942","https://web.archive.org/web/20140728050217id_/https://tech.mozilla.com.tw/?p=942"
"1013","2012-11-20","寫程式？不就打字嘛。","ok","skipped","https://tech.mozilla.com.tw/?p=1013","https://web.archive.org/web/20140728102914id_/https://tech.mozilla.com.tw/?p=1013"
"1069","2012-11-26","三步驟學會 Persona！！","ok","skipped","https://tech.mozilla.com.tw/?p=1069","https://web.archive.org/web/20130414145556id_/https://tech.mozilla.com.tw/?p=1069"
"1158","2012-12-05","在 Firefox OS 裡 如何使用 built-in profiler","ok","skipped","https://tech.mozilla.com.tw/?p=1158","https://web.archive.org/web/20130530152914id_/https://tech.mozilla.com.tw/?p=1158"
"1172","2012-12-10","Gecko 的 New DOM bindings","ok","skipped","https://tech.mozilla.com.tw/?p=1172","https://web.archive.org/web/20140723195735id_/https://tech.mozilla.com.tw/?p=1172"
"1276","2013-02-18","很夯的 Firefox OS App 大軍來襲，非測不可！","ok","skipped","https://tech.mozilla.com.tw/?p=1276","https://web.archive.org/web/20130430161339id_/https://tech.mozilla.com.tw/?p=1276"
"1298","2013-02-27","生活與工作的超完美實踐－我的 CS 人生","ok","skipped","https://tech.mozilla.com.tw/?p=1298","https://web.archive.org/web/20140728135254id_/https://tech.mozilla.com.tw/?p=1298"
"1317","2013-01-07","鑽進 Firefox OS 開發：淺談 Internal string","ok","skipped","https://tech.mozilla.com.tw/?p=1317","https://web.archive.org/web/20130530093804id_/https://tech.mozilla.com.tw/?p=1317"
"1467","2013-04-09","跟上時代的潮流 — 談 Firefox OS 自動更新機制","ok","skipped","https://tech.mozilla.com.tw/?p=1467","https://web.archive.org/web/20130429205714id_/https://tech.mozilla.com.tw/?p=1467"
"1470","2013-01-22","缺它不可！靈活運用 Firefox OS Gaia 的單元測試","ok","skipped","https://tech.mozilla.com.tw/?p=1470","https://web.archive.org/web/20130530053954id_/https://tech.mozilla.com.tw/?p=1470"
"1605","2013-03-06","你丟我撿！神奇的 Firefox 內部記憶體回收機制","ok","skipped","https://tech.mozilla.com.tw/?p=1605","https://web.archive.org/web/20140723214738id_/https://tech.mozilla.com.tw/?p=1605"
"1905","2013-04-29","追求真相的聖堂 – Bugzilla","ok","skipped","https://tech.mozilla.com.tw/?p=1905","https://web.archive.org/web/20140727230344id_/https://tech.mozilla.com.tw/?p=1905"
"1950","2013-05-06","淺談 Firefox OS 的多程序架構與程序間通訊","ok","skipped","https://tech.mozilla.com.tw/?p=1950","https://web.archive.org/web/20140912094920id_/https://tech.mozilla.com.tw/?p=1950"
"1970","2013-04-16","小小藍牙看世界","ok","skipped","https://tech.mozilla.com.tw/?p=1970","https://web.archive.org/web/20140727231632id_/https://tech.mozilla.com.tw/?p=1970"
"2343","2013-06-25","ECMAScript 6 Features in Firefox","ok","skipped","https://tech.mozilla.com.tw/?p=2343","https://web.archive.org/web/20130705134635id_/https://tech.mozilla.com.tw/?p=2343"
"2748","2013-10-21","用 MozTrap 來管理你的測試","ok","skipped","https://tech.mozilla.com.tw/?p=2748","https://web.archive.org/web/20131101043102id_/https://tech.mozilla.com.tw/?p=2748"
"2862","2013-10-30","一個打十個 – 讓 Gaia 網頁應用（webapp）支援多重設備（二：螢幕大小）","ok","skipped","https://tech.mozilla.com.tw/?p=2862","https://web.archive.org/web/20140728111041id_/https://tech.mozilla.com.tw/?p=2862"
"4351","2014-05-26","淺談 Cycle Collection","ok","skipped","https://tech.mozilla.com.tw/?p=4351","https://web.archive.org/web/20140703035427id_/https://tech.mozilla.com.tw/?p=4351"
"4559","2014-05-12","Mozilla UX Team大解密","ok","skipped","https://tech.mozilla.com.tw/?p=4559","https://web.archive.org/web/20140801073159id_/https://tech.mozilla.com.tw/?p=4559"
"4829","","台客編輯群","ok","skipped","https://tech.mozilla.com.tw/?p=4829","https://web.archive.org/web/20160529012732id_/https://tech.mozilla.com.tw/?p=4829"
