post_id	page_type	title	page_timestamp	source	kind	index	url
172	post	開發套件更輕鬆：Add-on Builder 正式登場	20190715204418	img	image	0	https://fbcdn-sphotos-a.akamaihd.net/hphotos-ak-snc7/s720x720/422924_304816186244447_229264713799595_863059_599213199_n.jpg
172	post	開發套件更輕鬆：Add-on Builder 正式登場	20190715204418	img	image	1	https://fbcdn-sphotos-a.akamaihd.net/hphotos-ak-snc7/s720x720/422945_304816622911070_229264713799595_863061_776025348_n.jpg
186	post	Firefox 新增開發者工具和附加元件同步功能	20190919102157	img	image	0	https://blog.mozilla.com.tw/wp-content/uploads/FX11-300x300.png
247	attachment	【0322美商謀智新聞圖片】09 各界共襄盛舉，祝福Mozilla Taiwan 生日快樂	20150524221719	img	image	0	https://blog.mozilla.com.tw/wp-content/uploads/%E3%80%900322%E7%BE%8E%E5%95%86%E8%AC%80%E6%99%BA%E6%96%B0%E8%81%9E%E5%9C%96%E7%89%87%E3%80%9109-%E5%90%84%E7%95%8C%E5%85%B1%E8%A5%84%E7%9B%9B%E8%88%89%EF%BC%8C%E7%A5%9D%E7%A6%8FMozilla-Taiwan-%E7%94%9F%E6%97%A5%E5%BF%AB%E6%A8%82.jpg
397	post	JSDC 2012，Mozilla 研究總監現身	20150510130930	a-href	media	1	https://blog.mozilla.com.tw/wp-content/uploads/keynote_taipei.pdf
416	post	Mozilla Firefox Beta 版本開放下載測試！	20190919102157	img	image	0	https://blog.mozilla.com.tw/wp-content/uploads/2-1024x703.png
416	post	Mozilla Firefox Beta 版本開放下載測試！	20190919102157	img	image	1	https://blog.mozilla.com.tw/wp-content/uploads/31-1024x703.png
547	post	Firefox Flicks 台灣參賽作品分享	20190824002938	img	image	0	https://d3fenhwk93s16g.cloudfront.net/9c0h7y/poster.jpg
604	other	2015 Mozilla 校園徵才博覽會 等你來相會！	20201231235959	img	image	2	https://s.plurk.com/2980c7bcb4eb012159e7701a61cb2e75.png
607	other	Mozilla 釋出新版 Firefox for iOS 再度提升使用者經驗	20201231235959	img	image	2	https://s.plurk.com/2980c7bcb4eb012159e7701a61cb2e75.png
612	other	6月20日前進上海，Boot to Gecko軟實力發威！	20190919102413	img	image	1	https://statics.plurk.com/2980c7bcb4eb012159e7701a61cb2e75.png
646	other	快速、聰明、安全的Firefox for Android 版本全新登場！	20190919102413	img	image	0	https://blog.mozilla.com.tw/wp-content/uploads/%E3%80%900627%E7%BE%8E%E5%95%86%E8%AC%80%E6%99%BA%E3%80%91%E5%85%A8%E6%96%B0%E7%9A%84%E4%BD%BF%E7%94%A8%E8%80%85%E4%BB%8B%E9%9D%A2%E5%8F%8A%E5%80%8B%E4%BA%BA%E5%8C%96%E7%9A%84%E5%95%93%E5%A7%8B%E7%95%AB%E9%9D%A2.jpg
646	other	快速、聰明、安全的Firefox for Android 版本全新登場！	20190919102413	img	image	1	https://blog.mozilla.com.tw/wp-content/uploads/%E3%80%900627%E7%BE%8E%E5%95%86%E8%AC%80%E6%99%BA%E3%80%91%E6%B8%AC%E8%A9%A6%E5%B7%A5%E5%85%B7Eideticker-%E6%8C%87%E5%87%BA%E6%96%B0%E7%89%88%E6%9C%AC%E5%BE%97%E5%88%B0%E8%B6%85%E8%B6%8A%E5%85%A7%E5%BB%BA%E7%80%8F%E8%A6%BD%E5%99%A8%E5%85%A9%E5%80%8D%E7%9A%84%E6%88%90%E7%B8%BE.jpg
646	other	快速、聰明、安全的Firefox for Android 版本全新登場！	20190919102413	img	image	2	https://blog.mozilla.com.tw/wp-content/uploads/%E3%80%900627%E7%BE%8E%E5%95%86%E8%AC%80%E6%99%BA%E3%80%91%E8%9E%8D%E5%85%A5Firefox-Sync-%E7%9A%84Awesome-Screen.jpg
898	attachment	開發者工具列的命令列工具可以用來抓圖	20201231235959	img	image	0	https://blog.mozilla.com.tw/wp-content/uploads/%E8%9E%A2%E5%B9%95%E5%BF%AB%E7%85%A7-2012-08-31-%E4%B8%8B%E5%8D%884.51.18.png
1061	other	Persona 網路身分識別服務 – Beta 版首度釋出！	20190824005743	embed	media	3	https://blog.mozilla.com.tw/wp-includes/js/tinymce/plugins/media/moxieplayer.swf
1134	other	【Add-On 一點通】很不愛看廣告的 「Adblock Plus」	20190824010142	img	image	1	https://statics.plurk.com/2980c7bcb4eb012159e7701a61cb2e75.png
1300	other	Firefox OS 問答集 (FAQ)	20201231235959	img	image	1	https://statics.plurk.com/2980c7bcb4eb012159e7701a61cb2e75.png
1371	other	10/27 Firefox 首度前進高雄之花絮報導	20190825005132	img	image	1	https://statics.plurk.com/2980c7bcb4eb012159e7701a61cb2e75.png
1485	attachment	1	20201231235959	img	image	0	https://blog.mozilla.com.tw/wp-content/uploads/118.jpg
1487	attachment	3	20201231235959	img	image	0	https://blog.mozilla.com.tw/wp-content/uploads/34.jpg
1636	other	12/02第一屆Firefox校園大使訓練營活動花絮(PART 2)	20191019125156	a-href	media	21	https://blog.mozilla.com.tw/wp-content/uploads/Firefox%E6%A0%A1%E5%9C%92%E5%A4%A7%E4%BD%BF_-WHY_WHAT.pdf
1636	other	12/02第一屆Firefox校園大使訓練營活動花絮(PART 2)	20191019125156	a-href	media	22	https://blog.mozilla.com.tw/wp-content/uploads/SUMO-Introduction_ernest_201212.pdf
1636	other	12/02第一屆Firefox校園大使訓練營活動花絮(PART 2)	20191019125156	a-href	media	24	https://blog.mozilla.com.tw/wp-content/uploads/Firefox_MKTG_Jasmine.pdf
1680	other	「狐迷召集令」得獎名單公佈	20190825010158	a-href	image	1	https://blog.mozilla.com.tw/wp-content/uploads/pillow1.jpg
1706	other	Mozilla 2012 全體動員令	20190824001628	a-href	image	1	https://blog.mozilla.com.tw/wp-content/uploads/mozillaInfographic12_2012LG_%E4%B8%AD%E6%96%87-011.jpg
1794	other	[ 活動公告 ] 1/26 Firefox OS App Days 報名入選名單	20190825010158	img	image	0	https://blog.mozilla.com.tw/wp-content/uploads/App-days1.jpg
1813	other	[ 行動 App 開發密技 ] Remote-debugger	20201231235959	a-href	image	4	https://blog.mozilla.com.tw/wp-content/uploads/126.jpg
1813	other	[ 行動 App 開發密技 ] Remote-debugger	20201231235959	a-href	image	5	https://blog.mozilla.com.tw/wp-content/uploads/28.jpg
1813	other	[ 行動 App 開發密技 ] Remote-debugger	20201231235959	a-href	image	6	https://blog.mozilla.com.tw/wp-content/uploads/36.jpg
1813	other	[ 行動 App 開發密技 ] Remote-debugger	20201231235959	a-href	image	7	https://blog.mozilla.com.tw/wp-content/uploads/46.jpg
1894	other	『除舊佈新，Firefox 祝你蛇年行大運！』得獎名單公告	20190825010158	img	image	1	https://statics.plurk.com/2980c7bcb4eb012159e7701a61cb2e75.png
1894	other	『除舊佈新，Firefox 祝你蛇年行大運！』得獎名單公告	20190825010158	a-href	image	3	https://blog.mozilla.com.tw/wp-content/uploads/pic-new-year.jpg
1899	other	透過 Click to Play 功能，外掛程式啟用由您自訂	20190824002718	img	image	0	https://blog.mozilla.com.tw/wp-content/uploads/ctp-in-action1-252x200.png
1915	other	Firefox OS App Days 得獎專訪 – 第一名 When Arrival	20190825010158	a-href	image	2	https://blog.mozilla.com.tw/wp-content/uploads/IMG_2755.jpg
1945	other	Firefox for Android 繁體中文全面支援，桌機版內建 PDF 文件閱讀器	20190824002718	img	image	1	https://statics.plurk.com/2980c7bcb4eb012159e7701a61cb2e75.png
1973	other	『 Firefox 新春賀歲, 貼文分享過好年 』得獎名單公告	20190825011315	img	image	1	https://statics.plurk.com/2980c7bcb4eb012159e7701a61cb2e75.png
1978	other	Firefox Beta 全新強化隱私瀏覽模式，可獨立開啓隱私瀏覽視窗！	20190824010142	img	image	0	https://blog.mozilla.com.tw/wp-content/uploads/Download-Manager-600x484.png
2011	other	Firefox for Android Beta 許您獨一無二的瀏覽體驗，再添隱私瀏覽模式	20190824002718	a-href	image	1	https://blog.mozilla.com.tw/wp-content/uploads/11-53-28-58b5041.jpg
2030	other	WebRTC－手機隨時分享、掌握所有資訊！	20201231235959	img	image	1	https://statics.plurk.com/2980c7bcb4eb012159e7701a61cb2e75.png
2030	other	WebRTC－手機隨時分享、掌握所有資訊！	20201231235959	img	image	3	https://blog.mozilla.com.tw/wp-content/uploads/Ericsson_MWC_Mozilla_1081-600x399.jpg
2110	other	Firefox 為你的 Google 閱讀器找到另一種選擇	20201231235959	img	image	0	https://blog.mozilla.com.tw/wp-content/uploads/feedly-600x374.png
2402	other	偵測觸碰事件：重點在「原因」而非「方法」─ 下篇	20190824001316	img	image	1	https://statics.plurk.com/2980c7bcb4eb012159e7701a61cb2e75.png
2473	other	Firefox Flicks 2013 Early Entry Awards 首輪得獎名單	20190825011315	img	image	0	https://blog.mozilla.com.tw/wp-content/uploads/tumblr_inline_mlrw4sUras1qz4rgp.jpg
2473	other	Firefox Flicks 2013 Early Entry Awards 首輪得獎名單	20190825011315	img	image	1	https://blog.mozilla.com.tw/wp-content/uploads/tumblr_inline_mlrw5bTl7I1qz4rgp.jpg
2473	other	Firefox Flicks 2013 Early Entry Awards 首輪得獎名單	20190825011315	img	image	2	https://blog.mozilla.com.tw/wp-content/uploads/tumblr_inline_mlrw65s9sm1qz4rgp.jpg
2516	other	把 Firefox 的搜尋列與網址列合而為一	20201231235959	img	image	1	https://blog.mozilla.com.tw/wp-content/uploads/foobar1.png
2536	other	【Firefox 祕技】Firefox for Android 為更多手機提供更多功能	20201231235959	img	image	0	https://blog.mozilla.com.tw/wp-content/uploads/android_feature21.png
2560	other	Firefox OS Simulator 3.0 版來啦！	20201231235959	img	image	0	https://blog.mozilla.com.tw/wp-content/uploads/Simulator-overview1.png
2560	other	Firefox OS Simulator 3.0 版來啦！	20201231235959	img	image	1	https://blog.mozilla.com.tw/wp-content/uploads/Simulator-refresh.png
2560	other	Firefox OS Simulator 3.0 版來啦！	20201231235959	img	image	2	https://blog.mozilla.com.tw/wp-content/uploads/Simulator-quit.png
2560	other	Firefox OS Simulator 3.0 版來啦！	20201231235959	img	image	3	https://blog.mozilla.com.tw/wp-content/uploads/Simulator-manifest-error-expanded.png
2581	other	《戰爭機器》製作公司展現強大的 Web 遊戲平台	20201231235959	img	image	0	https://blog.mozilla.com.tw/wp-content/uploads/epic2.jpg
2653	other	全新企劃：Phones for Apps for Firefox OS	20201231235959	img	image	0	https://blog.mozilla.com.tw/wp-content/uploads/GeeksphoneDOFMarket-500x6401.jpg
2667	other	全台狐迷總動員，Firefox 全新功能酷炫登場！	20190824003851	img	image	0	https://blog.mozilla.com.tw/wp-content/uploads/%E3%80%900515-%E7%BE%8E%E5%95%86%E8%AC%80%E6%99%BA%E5%9C%96%E6%AA%94%E3%80%91%E5%8D%B3%E6%99%82%E6%9B%B4%E6%96%B0%E7%A7%91%E6%8A%80%E6%96%B0%E7%9F%A5%E7%9A%84-MyFirefox-%E9%A6%96%E9%A0%811.jpg
2667	other	全台狐迷總動員，Firefox 全新功能酷炫登場！	20190824003851	img	image	2	https://blog.mozilla.com.tw/wp-content/uploads/%E3%80%900515-%E7%BE%8E%E5%95%86%E8%AC%80%E6%99%BA%E5%9C%96%E6%AA%94%E3%80%91%E6%85%B6%E7%A5%9D-Firefox-%E4%B8%8A%E7%B7%9A-%E5%8D%B3%E6%97%A5%E8%B5%B7%E8%87%B36%E6%9C%8830%E6%97%A5%E7%86%B1%E9%AC%A7%E6%8E%A8%E5%87%BA%E3%80%8C%E7%8E%A9%E7%81%AB%E7%8B%90%E9%80%81%E6%89%8B%E6%A9%9F%E3%80%8D%E6%B4%BB%E5%8B%95-2.jpg
2667	other	全台狐迷總動員，Firefox 全新功能酷炫登場！	20190824003851	a-href	image	3	https://blog.mozilla.com.tw/wp-content/uploads/%E3%80%900515-%E7%BE%8E%E5%95%86%E8%AC%80%E6%99%BA%E5%9C%96%E6%AA%94%E3%80%91Firefox-%E5%86%8D%E6%96%B0%E5%A2%9E-Cliqz%E3%80%81Mixi%E3%80%81msnNow-%E7%AD%89%E7%A4%BE%E4%BA%A4%E6%9C%8D%E5%8B%99.jpg
2751	other	2013 JSDC 花絮報導	20190825012419	img	image	1	https://blog.mozilla.com.tw/wp-content/uploads/310-1024x764.jpg
2751	other	2013 JSDC 花絮報導	20190825012419	img	image	2	https://blog.mozilla.com.tw/wp-content/uploads/64-1024x764.jpg
2751	other	2013 JSDC 花絮報導	20190825012419	img	image	3	https://blog.mozilla.com.tw/wp-content/uploads/49-1024x764.jpg
2751	other	2013 JSDC 花絮報導	20190825012419	a-href	image	5	https://blog.mozilla.com.tw/wp-content/uploads/29.jpg
2751	other	2013 JSDC 花絮報導	20190825012419	a-href	image	6	https://blog.mozilla.com.tw/wp-content/uploads/310.jpg
2751	other	2013 JSDC 花絮報導	20190825012419	a-href	image	7	https://blog.mozilla.com.tw/wp-content/uploads/64.jpg
2751	other	2013 JSDC 花絮報導	20190825012419	a-href	image	8	https://blog.mozilla.com.tw/wp-content/uploads/49.jpg
2773	other	Firefox 分頁的 5 大使用秘訣	20201231235959	img	image	1	https://blog.mozilla.com.tw/wp-content/uploads/tabmixplus1.jpg
2773	other	Firefox 分頁的 5 大使用秘訣	20201231235959	a-href	image	2	https://blog.mozilla.com.tw/wp-content/uploads/tab1.jpg
2792	other	動動手，讓自己的網頁嵌入 WebRTC 視訊聊天功能！	20201231235959	img	image	0	https://blog.mozilla.com.tw/wp-content/uploads/webrtc-chat.png
2792	other	動動手，讓自己的網頁嵌入 WebRTC 視訊聊天功能！	20201231235959	img	image	1	https://blog.mozilla.com.tw/wp-content/uploads/webrtc-chat-channel-chooser.png
2792	other	動動手，讓自己的網頁嵌入 WebRTC 視訊聊天功能！	20201231235959	a-href	image	3	https://blog.mozilla.com.tw/wp-content/uploads/test1.jpg
2819	other	寫好 Firefox OS 的 App 了嗎？快送進 Geeksphone 來玩玩吧！	20201231235959	img	image	0	https://blog.mozilla.com.tw/wp-content/uploads/simulatoronmac1.png
2819	other	寫好 Firefox OS 的 App 了嗎？快送進 Geeksphone 來玩玩吧！	20201231235959	img	image	1	https://blog.mozilla.com.tw/wp-content/uploads/devicemanagerbefore.png
2819	other	寫好 Firefox OS 的 App 了嗎？快送進 Geeksphone 來玩玩吧！	20201231235959	img	image	2	https://blog.mozilla.com.tw/wp-content/uploads/updatedriver1.png
2819	other	寫好 Firefox OS 的 App 了嗎？快送進 Geeksphone 來玩玩吧！	20201231235959	img	image	3	https://blog.mozilla.com.tw/wp-content/uploads/updatedriver2.png
2819	other	寫好 Firefox OS 的 App 了嗎？快送進 Geeksphone 來玩玩吧！	20201231235959	img	image	4	https://blog.mozilla.com.tw/wp-content/uploads/updatedriver3.png
2819	other	寫好 Firefox OS 的 App 了嗎？快送進 Geeksphone 來玩玩吧！	20201231235959	img	image	5	https://blog.mozilla.com.tw/wp-content/uploads/updatedriver4.png
2842	other	Firefox 有新的下載管理員功能囉！	20190824002920	img	image	0	https://blog.mozilla.com.tw/wp-content/uploads/logo.jpg
2882	other	確認自己下載了真正的 Firefox，也同時小心間諜或詐騙軟體！	20190824002920	img	image	1	https://statics.plurk.com/2980c7bcb4eb012159e7701a61cb2e75.png
2882	other	確認自己下載了真正的 Firefox，也同時小心間諜或詐騙軟體！	20190824002920	img	image	2	https://blog.mozilla.com.tw/wp-content/uploads/FFwallpaper_403x403-160x1602.jpg
2902	other	就是要好玩的 Firefox 附加元件！	20190824002920	img	image	0	https://blog.mozilla.com.tw/wp-content/uploads/community.png
2910	other	「5 月電子報有獎徵答」得獎名單公佈	20190825012419	a-href	image	1	https://blog.mozilla.com.tw/wp-content/uploads/pic-new-year2.jpg
2935	other	多款 Firefox OS 手機亮相亞洲移動通信博覽會	20190824003851	a-href	image	2	https://blog.mozilla.com.tw/wp-content/uploads/%E6%90%AD%E8%BD%BDFirefox-OS%E7%9A%84%E4%B8%AD%E5%85%B4%E5%92%8C%E9%98%BF%E5%B0%94%E5%8D%A1%E7%89%B9%E6%89%8B%E6%9C%BA.jpg
2935	other	多款 Firefox OS 手機亮相亞洲移動通信博覽會	20190824003851	a-href	image	3	https://blog.mozilla.com.tw/wp-content/uploads/Firefox-OS%E5%B1%95%E5%8F%B0.jpg
2945	other	Firefox 在 Web 上提供 3D 遊戲、視訊電話、檔案共享功能！	20190824003851	img	image	1	https://statics.plurk.com/2980c7bcb4eb012159e7701a61cb2e75.png
2954	other	全新 Firefox Logo 與 Firefox Beta 版亮眼登場！	20190824002920	a-href	image	1	https://blog.mozilla.com.tw/wp-content/uploads/firefox_logo-only_CMYK.png
2989	other	快來更新並用力測試 Firefox OS 開發者預覽手機 Geeksphone	20201231235959	a-href	image	3	https://blog.mozilla.com.tw/wp-content/uploads/checkupate.png
2989	other	快來更新並用力測試 Firefox OS 開發者預覽手機 Geeksphone	20201231235959	a-href	image	4	https://blog.mozilla.com.tw/wp-content/uploads/geeksphone-downloads.png
2989	other	快來更新並用力測試 Firefox OS 開發者預覽手機 Geeksphone	20201231235959	a-href	image	5	https://blog.mozilla.com.tw/wp-content/uploads/remote-debugging.png
3001	other	5 個方法大聲散播 Firefox OS 上市的消息	20201231235959	img	image	1	https://blog.mozilla.com.tw/wp-content/uploads/ffxOS_300x2501.png
3001	other	5 個方法大聲散播 Firefox OS 上市的消息	20201231235959	a-href	image	2	https://mozilla.com.tw/media/img/firefox/os/fb_social_avatar.png
3001	other	5 個方法大聲散播 Firefox OS 上市的消息	20201231235959	a-href	image	3	https://blog.mozilla.com.tw/wp-content/uploads/fb_social_avatar_403x403.png
3017	other	全新 Firefox 識別標誌 ─ 迎向 Firefox 的新世代	20201231235959	a-href	image	1	https://blog.mozilla.com.tw/wp-content/uploads/infographic.png
3017	other	全新 Firefox 識別標誌 ─ 迎向 Firefox 的新世代	20201231235959	a-href	image	2	https://people.mozilla.com/~faaborg/files/20090515-creativeBrief/creativeBrief-i1-wm.png_large.png
3032	other	2013 亞洲移動通信博覽會 Firefox OS 與你相約之花絮報導	20190825012419	img	image	0	https://blog.mozilla.com.tw/wp-content/uploads/MG_2606-300x200.jpg
3032	other	2013 亞洲移動通信博覽會 Firefox OS 與你相約之花絮報導	20190825012419	img	image	1	https://blog.mozilla.com.tw/wp-content/uploads/%E3%80%900626-%E7%BE%8E%E5%95%86%E8%AC%80%E6%99%BA%E5%9C%96%E6%AA%94%E3%80%91Firefox-OS-%E6%94%A4%E4%BD%8D-300x225.jpg
3032	other	2013 亞洲移動通信博覽會 Firefox OS 與你相約之花絮報導	20190825012419	img	image	4	https://blog.mozilla.com.tw/wp-content/uploads/MG_2680-300x199.jpg
3032	other	2013 亞洲移動通信博覽會 Firefox OS 與你相約之花絮報導	20190825012419	img	image	5	https://blog.mozilla.com.tw/wp-content/uploads/MG_2632-300x199.jpg
3032	other	2013 亞洲移動通信博覽會 Firefox OS 與你相約之花絮報導	20190825012419	img	image	6	https://blog.mozilla.com.tw/wp-content/uploads/MG_5033-200x300.jpg
3032	other	2013 亞洲移動通信博覽會 Firefox OS 與你相約之花絮報導	20190825012419	img	image	7	https://blog.mozilla.com.tw/wp-content/uploads/MG_5208-200x300.jpg
3032	other	2013 亞洲移動通信博覽會 Firefox OS 與你相約之花絮報導	20190825012419	img	image	8	https://blog.mozilla.com.tw/wp-content/uploads/MG_2646-300x200.jpg
3032	other	2013 亞洲移動通信博覽會 Firefox OS 與你相約之花絮報導	20190825012419	img	image	9	https://blog.mozilla.com.tw/wp-content/uploads/MG_4816-200x300.jpg
3032	other	2013 亞洲移動通信博覽會 Firefox OS 與你相約之花絮報導	20190825012419	img	image	11	https://blog.mozilla.com.tw/wp-content/uploads/MG_5061-300x200.jpg
3032	other	2013 亞洲移動通信博覽會 Firefox OS 與你相約之花絮報導	20190825012419	a-href	image	12	https://blog.mozilla.com.tw/wp-content/uploads/MG_2606.jpg
3032	other	2013 亞洲移動通信博覽會 Firefox OS 與你相約之花絮報導	20190825012419	a-href	image	13	https://blog.mozilla.com.tw/wp-content/uploads/%E3%80%900626-%E7%BE%8E%E5%95%86%E8%AC%80%E6%99%BA%E5%9C%96%E6%AA%94%E3%80%91Firefox-OS-%E6%94%A4%E4%BD%8D.jpg
3032	other	2013 亞洲移動通信博覽會 Firefox OS 與你相約之花絮報導	20190825012419	a-href	image	14	https://blog.mozilla.com.tw/wp-content/uploads/%E3%80%900626-%E7%BE%8E%E5%95%86%E8%AC%80%E6%99%BA%E5%9C%96%E6%AA%94%E3%80%91Firefox-OS-%E9%AD%85%E5%8A%9B%E7%84%A1%E7%AA%AE.jpg
3032	other	2013 亞洲移動通信博覽會 Firefox OS 與你相約之花絮報導	20190825012419	a-href	image	15	https://blog.mozilla.com.tw/wp-content/uploads/MG_2678.jpg
3032	other	2013 亞洲移動通信博覽會 Firefox OS 與你相約之花絮報導	20190825012419	a-href	image	16	https://blog.mozilla.com.tw/wp-content/uploads/MG_2680.jpg
3032	other	2013 亞洲移動通信博覽會 Firefox OS 與你相約之花絮報導	20190825012419	a-href	image	17	https://blog.mozilla.com.tw/wp-content/uploads/MG_2632.jpg
3032	other	2013 亞洲移動通信博覽會 Firefox OS 與你相約之花絮報導	20190825012419	a-href	image	18	https://blog.mozilla.com.tw/wp-content/uploads/MG_5033.jpg
3032	other	2013 亞洲移動通信博覽會 Firefox OS 與你相約之花絮報導	20190825012419	a-href	image	19	https://blog.mozilla.com.tw/wp-content/uploads/MG_5208.jpg
3032	other	2013 亞洲移動通信博覽會 Firefox OS 與你相約之花絮報導	20190825012419	a-href	image	20	https://blog.mozilla.com.tw/wp-content/uploads/MG_2646.jpg
3032	other	2013 亞洲移動通信博覽會 Firefox OS 與你相約之花絮報導	20190825012419	a-href	image	21	https://blog.mozilla.com.tw/wp-content/uploads/MG_4816.jpg
3032	other	2013 亞洲移動通信博覽會 Firefox OS 與你相約之花絮報導	20190825012419	a-href	image	22	https://blog.mozilla.com.tw/wp-content/uploads/MG_5046.jpg
3032	other	2013 亞洲移動通信博覽會 Firefox OS 與你相約之花絮報導	20190825012419	a-href	image	23	https://blog.mozilla.com.tw/wp-content/uploads/MG_5061.jpg
3070	other	「2013 軟體創作達人暑期成長營」台南場、台北場演講花絮	20190825012419	img	image	0	https://blog.mozilla.com.tw/wp-content/uploads/DSC03334.jpg
3070	other	「2013 軟體創作達人暑期成長營」台南場、台北場演講花絮	20190825012419	img	image	1	https://blog.mozilla.com.tw/wp-content/uploads/DSC03359.jpg
3070	other	「2013 軟體創作達人暑期成長營」台南場、台北場演講花絮	20190825012419	img	image	2	https://blog.mozilla.com.tw/wp-content/uploads/DSC03361.jpg
3092	other	德國電信宣佈 Firefox OS 手機於歐洲上市！	20191113175135	img	image	0	https://blog.mozilla.com.tw/wp-content/uploads/Altactel-One-Touch-Fire-small-252x417.jpg
3100	other	Firefox OS 裝置正式推出！	20191113171152	img	image	0	https://blog.mozilla.com.tw/wp-content/uploads/9221767355_8720618d0e.jpg
3100	other	Firefox OS 裝置正式推出！	20191113171152	img	image	1	https://blog.mozilla.com.tw/wp-content/uploads/9224538782_94d7c52fde.jpg
3100	other	Firefox OS 裝置正式推出！	20191113171152	img	image	2	https://blog.mozilla.com.tw/wp-content/uploads/Simulator-overview-500.png
3179	other	開發者的 Firefox OS：讓 HTML5 得以完全發揮的平台	20190824003748	img	image	0	https://blog.mozilla.com.tw/wp-content/uploads/be-the-future.png
3321	other	7/27 第二屆 Firefox 校園大使訓練營 – 超 High 花絮！(上集)	20191019115133	a-href	image	22	https://blog.mozilla.com.tw/wp-content/uploads/DSC09511.jpg
3321	other	7/27 第二屆 Firefox 校園大使訓練營 – 超 High 花絮！(上集)	20191019115133	a-href	image	25	https://blog.mozilla.com.tw/wp-content/uploads/DSC09615.jpg
3321	other	7/27 第二屆 Firefox 校園大使訓練營 – 超 High 花絮！(上集)	20191019115133	a-href	image	31	https://blog.mozilla.com.tw/wp-content/uploads/DSC09754.jpg
3321	other	7/27 第二屆 Firefox 校園大使訓練營 – 超 High 花絮！(上集)	20191019115133	a-href	image	36	https://blog.mozilla.com.tw/wp-content/uploads/DSC09837.jpg
3354	other	7/27 第二屆 Firefox 校園大使訓練營 – 超 High 花絮！(下集)	20191019115013	a-href	image	24	https://blog.mozilla.com.tw/wp-content/uploads/DSC09930.jpg
3354	other	7/27 第二屆 Firefox 校園大使訓練營 – 超 High 花絮！(下集)	20191019115013	a-href	image	25	https://blog.mozilla.com.tw/wp-content/uploads/IMG_5272.jpg
3354	other	7/27 第二屆 Firefox 校園大使訓練營 – 超 High 花絮！(下集)	20191019115013	a-href	image	26	https://blog.mozilla.com.tw/wp-content/uploads/IMG_5288.jpg
3354	other	7/27 第二屆 Firefox 校園大使訓練營 – 超 High 花絮！(下集)	20191019115013	a-href	image	27	https://blog.mozilla.com.tw/wp-content/uploads/DSC09990.jpg
3354	other	7/27 第二屆 Firefox 校園大使訓練營 – 超 High 花絮！(下集)	20191019115013	a-href	image	28	https://blog.mozilla.com.tw/wp-content/uploads/DSC00005.jpg
3354	other	7/27 第二屆 Firefox 校園大使訓練營 – 超 High 花絮！(下集)	20191019115013	a-href	image	29	https://blog.mozilla.com.tw/wp-content/uploads/DSC00018.jpg
3354	other	7/27 第二屆 Firefox 校園大使訓練營 – 超 High 花絮！(下集)	20191019115013	a-href	image	30	https://blog.mozilla.com.tw/wp-content/uploads/DSC00021.jpg
3354	other	7/27 第二屆 Firefox 校園大使訓練營 – 超 High 花絮！(下集)	20191019115013	a-href	image	31	https://blog.mozilla.com.tw/wp-content/uploads/DSC00044.jpg
3354	other	7/27 第二屆 Firefox 校園大使訓練營 – 超 High 花絮！(下集)	20191019115013	a-href	image	32	https://blog.mozilla.com.tw/wp-content/uploads/IMG_5373.jpg
3354	other	7/27 第二屆 Firefox 校園大使訓練營 – 超 High 花絮！(下集)	20191019115013	a-href	image	33	https://blog.mozilla.com.tw/wp-content/uploads/DSC00082.jpg
3354	other	7/27 第二屆 Firefox 校園大使訓練營 – 超 High 花絮！(下集)	20191019115013	a-href	image	34	https://blog.mozilla.com.tw/wp-content/uploads/DSC00091.jpg
3354	other	7/27 第二屆 Firefox 校園大使訓練營 – 超 High 花絮！(下集)	20191019115013	a-href	image	35	https://blog.mozilla.com.tw/wp-content/uploads/DSC00097.jpg
3354	other	7/27 第二屆 Firefox 校園大使訓練營 – 超 High 花絮！(下集)	20191019115013	a-href	image	36	https://blog.mozilla.com.tw/wp-content/uploads/DSC00143.jpg
3354	other	7/27 第二屆 Firefox 校園大使訓練營 – 超 High 花絮！(下集)	20191019115013	a-href	image	37	https://blog.mozilla.com.tw/wp-content/uploads/IMG_5475.jpg
3354	other	7/27 第二屆 Firefox 校園大使訓練營 – 超 High 花絮！(下集)	20191019115013	a-href	image	39	https://blog.mozilla.com.tw/wp-content/uploads/DSC00114.jpg
3354	other	7/27 第二屆 Firefox 校園大使訓練營 – 超 High 花絮！(下集)	20191019115013	a-href	image	40	https://blog.mozilla.com.tw/wp-content/uploads/DSC00170.jpg
3354	other	7/27 第二屆 Firefox 校園大使訓練營 – 超 High 花絮！(下集)	20191019115013	a-href	image	41	https://blog.mozilla.com.tw/wp-content/uploads/DSC00182.jpg
3354	other	7/27 第二屆 Firefox 校園大使訓練營 – 超 High 花絮！(下集)	20191019115013	a-href	image	42	https://blog.mozilla.com.tw/wp-content/uploads/DSC00188.jpg
3354	other	7/27 第二屆 Firefox 校園大使訓練營 – 超 High 花絮！(下集)	20191019115013	a-href	image	43	https://blog.mozilla.com.tw/wp-content/uploads/DSC00205.jpg
3354	other	7/27 第二屆 Firefox 校園大使訓練營 – 超 High 花絮！(下集)	20191019115013	a-href	image	44	https://blog.mozilla.com.tw/wp-content/uploads/DSC00224.jpg
3354	other	7/27 第二屆 Firefox 校園大使訓練營 – 超 High 花絮！(下集)	20191019115013	a-href	image	45	https://blog.mozilla.com.tw/wp-content/uploads/DSC00227.jpg
3354	other	7/27 第二屆 Firefox 校園大使訓練營 – 超 High 花絮！(下集)	20191019115013	a-href	image	46	https://blog.mozilla.com.tw/wp-content/uploads/DSC00229.jpg
3354	other	7/27 第二屆 Firefox 校園大使訓練營 – 超 High 花絮！(下集)	20191019115013	a-href	image	47	https://blog.mozilla.com.tw/wp-content/uploads/DSC00291.jpg
3354	other	7/27 第二屆 Firefox 校園大使訓練營 – 超 High 花絮！(下集)	20191019115013	a-href	media	48	https://www.dropbox.com/s/d8ugterg90u9va8/What%20is%20Mozilla%20%26%20Mozilla%20Community.pdf
3354	other	7/27 第二屆 Firefox 校園大使訓練營 – 超 High 花絮！(下集)	20191019115013	a-href	media	49	https://www.dropbox.com/s/9w00f8j4li03tit/%E6%A0%A1%E5%9C%92%E5%A4%A7%E4%BD%BF%E7%B2%89%E7%B5%B2%E5%9C%98%E4%BB%8B%E7%B4%B9.pdf
3397	other	Telefonica 宣佈於南美洲推出首款 Firefox OS 裝置	20201231235959	a-href	image	2	https://blog.mozilla.com.tw/wp-content/uploads/Alcatel-One-Touch-Fire.png
3397	other	Telefonica 宣佈於南美洲推出首款 Firefox OS 裝置	20201231235959	a-href	image	3	https://blog.mozilla.com.tw/wp-content/uploads/ZTE-Open-Icon-Grid.png
3479	other	到 COSCUP 2013 找 Mozilla 人好多花絮！	20190825001023	img	image	1	https://statics.plurk.com/2980c7bcb4eb012159e7701a61cb2e75.png
3479	other	到 COSCUP 2013 找 Mozilla 人好多花絮！	20190825001023	img	image	2	https://blog.mozilla.com.tw/wp-content/uploads/DSC00030-1024x573.jpg
3479	other	到 COSCUP 2013 找 Mozilla 人好多花絮！	20190825001023	img	image	3	https://blog.mozilla.com.tw/wp-content/uploads/DSC00073-1024x573.jpg
3479	other	到 COSCUP 2013 找 Mozilla 人好多花絮！	20190825001023	img	image	4	https://blog.mozilla.com.tw/wp-content/uploads/DSC00133-1024x573.jpg
3479	other	到 COSCUP 2013 找 Mozilla 人好多花絮！	20190825001023	img	image	5	https://blog.mozilla.com.tw/wp-content/uploads/DSC00395-1024x573.jpg
3479	other	到 COSCUP 2013 找 Mozilla 人好多花絮！	20190825001023	img	image	7	https://blog.mozilla.com.tw/wp-content/uploads/DSC00362-1024x573.jpg
3479	other	到 COSCUP 2013 找 Mozilla 人好多花絮！	20190825001023	img	image	8	https://blog.mozilla.com.tw/wp-content/uploads/DSC002091-1024x573.jpg
3479	other	到 COSCUP 2013 找 Mozilla 人好多花絮！	20190825001023	img	image	11	https://blog.mozilla.com.tw/wp-content/uploads/DSC00284-1024x573.jpg
3516	other	ZTE 將於 eBay 上開放銷售 Firefox OS 手機！	20190824005010	img	image	1	https://statics.plurk.com/2980c7bcb4eb012159e7701a61cb2e75.png
3521	other	快來下載 Firefox for Android Beta 版並測試新功能	20190824005010	img	image	1	https://statics.plurk.com/2980c7bcb4eb012159e7701a61cb2e75.png
3539	other	JSFiddle 即可撰寫 Firefox OS Apps 的雛形	20190824004607	img	image	1	https://statics.plurk.com/2980c7bcb4eb012159e7701a61cb2e75.png
3758	other	達人教你網路安全的撇步	20201231235959	img	image	1	https://blog.mozilla.com.tw/wp-includes/images/smilies/icon_razz.gif
3898	other	Firefox 開發者工具的新功能 (上)	20201231235959	img	image	1	https://statics.plurk.com/2980c7bcb4eb012159e7701a61cb2e75.png
4078	other	「聽」到沒？Web Audio API 已加入 Firefox	20201231235959	img	image	1	https://statics.plurk.com/2980c7bcb4eb012159e7701a61cb2e75.png
4232	other	「Australis」已於 Firefox Nightly 中登場	20201231235959	a-href	image	6	https://people.mozilla.org/~shorlander/blog-images/australis-landing-on-nightly/firefox-everywhere.png
4232	other	「Australis」已於 Firefox Nightly 中登場	20201231235959	a-href	media	7	https://people.mozilla.org/~madhava/FDV/FirefoxDesignValuesBooklet.pdf
4525	other	Mozilla 的 2013 年度回顧	20190824010111	img	image	0	https://blog.mozilla.com.tw/wp-content/uploads/mozilla_eoy_2013zh-v.7-229x1024.png
4584	other	撰寫平台隨你選，Firefox OS 都「行」(中)	20201231235959	img	image	1	https://blog.mozilla.com.tw/wp-content/uploads/120536.png
4584	other	撰寫平台隨你選，Firefox OS 都「行」(中)	20201231235959	img	image	3	https://blog.mozilla.com.tw/wp-content/uploads/89808.png
4591	other	撰寫平台隨你選，Firefox OS 都「行」(下)	20201231235959	img	image	1	https://statics.plurk.com/2980c7bcb4eb012159e7701a61cb2e75.png
4591	other	撰寫平台隨你選，Firefox OS 都「行」(下)	20201231235959	img	image	3	https://blog.mozilla.com.tw/wp-content/uploads/116522.png
4591	other	撰寫平台隨你選，Firefox OS 都「行」(下)	20201231235959	img	image	4	https://blog.mozilla.com.tw/wp-content/uploads/115791.png
4591	other	撰寫平台隨你選，Firefox OS 都「行」(下)	20201231235959	img	image	5	https://blog.mozilla.com.tw/wp-content/uploads/114459.png
4603	other	Firefox 版本釋出週期將順延二週	20201231235959	img	image	1	https://statics.plurk.com/2980c7bcb4eb012159e7701a61cb2e75.png
4693	other	Firefox OS 放眼未來	20201231235959	img	image	0	https://blog.mozilla.com.tw/wp-content/uploads/look-ahead.jpg
5388	other	Firefox OS App 開發入門 (7)：Web Activities	20190825004817	img	image	0	https://blog.mozilla.com.tw/wp-content/uploads/web-activities-1024x574.jpg
5424	other	募集強大的 Web App 開發工具	20190825004817	img	image	0	https://blog.mozilla.com.tw/wp-content/uploads/web-app-tools1.jpg
5663	other	用 TogetherJS 與 CreateJS 開發多人遊戲 (上)	20190825002545	img	image	0	https://blog.mozilla.com.tw/wp-content/uploads/screenshot.png
5858	other	Mozilla 宣佈建構新的線上社群平台	20201231235959	img	image	0	https://blog.mozilla.com.tw/wp-content/uploads/opennews-1024x766.jpg
5952	other	Mozilla 率先開發之技術首次應用於 Web 商業遊戲	20190825003535	img	image	0	https://blog.mozilla.com.tw/wp-content/uploads/keeper-1024x607.jpg
6084	other	用 mozjpeg 產生高效率的 JPEG	20190823235633	img	image	0	https://blog.mozilla.com.tw/wp-content/uploads/JPEG-Quality-Comparison-593x1024.png
6084	other	用 mozjpeg 產生高效率的 JPEG	20190823235633	img	image	1	https://blog.mozilla.com.tw/wp-content/uploads/jpeg-baseline.png
6084	other	用 mozjpeg 產生高效率的 JPEG	20190823235633	img	image	2	https://blog.mozilla.com.tw/wp-content/uploads/jpeg-progressive.png
6084	other	用 mozjpeg 產生高效率的 JPEG	20190823235633	a-href	image	4	https://hacks.mozilla.org/wp-content/uploads/2014/07/016.bmp
6084	other	用 mozjpeg 產生高效率的 JPEG	20190823235633	a-href	image	9	https://commons.wikimedia.org/wiki/File%3AClovisfest.jpg
6092	other	Firefox Marketplace：付款服務狀態	20190823235633	img	image	0	https://blog.mozilla.com.tw/wp-content/uploads/Payment-accounts.png
6098	other	『Firefox 愛在鵲橋 狐你幸福』活動得獎名單公告	20190825001612	img	image	0	https://blog.mozilla.com.tw/wp-content/uploads/notebook-1024x652.jpg
6147	other	Firefox OS 智慧型手機將改變印度的行動生態	20190824011311	a-href	media	3	https://www.intexmobile.in/pdf/Revised-Intex-launches-India27-Lowest-Price-Smartphone-aug-23.pdf
6166	other	為 Firefox OS 打造 Firefox 瀏覽器 (中)	20190825004626	img	image	0	https://blog.mozilla.com.tw/wp-content/uploads/firefox-os-browser-awesomebar.png
6166	other	為 Firefox OS 打造 Firefox 瀏覽器 (中)	20190825004626	img	image	3	https://blog.mozilla.com.tw/wp-content/uploads/firefox-os-browser-share.png
6166	other	為 Firefox OS 打造 Firefox 瀏覽器 (中)	20190825004626	img	image	8	https://blog.mozilla.com.tw/wp-content/uploads/firefox-os-browser-mwc-500.jpg
6296	other	建構互動的 HTML5 影片	20190825004626	a-href	image	1	https://demo.jwplayer.com/text-tracks/assets/thumbs.jpg
6324	other	「PhoneGap Developer」支援 Firefox OS 搶先看	20190825004626	img	image	0	https://blog.mozilla.com.tw/wp-content/uploads/phonegapfxos.png
6359	other	以 Firefox 附加元件跨裝置與瀏覽器開發 Web	20201231235959	img	image	0	https://blog.mozilla.com.tw/wp-content/uploads/newaddon-1024x572.png
6648	other	首款開發者專屬瀏覽器即將登場	20201231235959	img	image	0	https://blog.mozilla.com.tw/wp-content/uploads/fx10-1024x566.png
6715	other	祝賀 Firefox 的十年	20201231235959	img	image	0	https://blog.mozilla.com.tw/wp-content/uploads/forget-2.png
6912	other	愛立信 (Ericsson) 現讓 OpenWebRTC 與 Firefox 可互相溝通	20190919110902	img	image	0	https://blog.mozilla.com.tw/wp-content/uploads/Ericsson.png
6965	other	運用 Emscripten 移植遊戲 (下)	20190919102237	img	image	1	https://blog.mozilla.com.tw/wp-content/uploads/osmos-humble-1024x772.jpg
6965	other	運用 Emscripten 移植遊戲 (下)	20190919102237	img	image	2	https://blog.mozilla.com.tw/wp-content/uploads/dusforce-1024x584.jpg
7152	other	「絲綢」專案 (下)	20190825011841	a-href	image	3	https://hacks.mozilla.org/files/2015/01/master.png
7152	other	「絲綢」專案 (下)	20190825011841	a-href	image	4	https://hacks.mozilla.org/files/2015/01/silk.png
7241	other	asm.js 在多家瀏覽器上的效能均有斬獲 (上)	20190825011841	img	image	0	https://blog.mozilla.com.tw/wp-content/uploads/DT2-1024x642.png
7243	other	asm.js 在多家瀏覽器上的效能均有斬獲 (下)	20190825012056	a-href	image	0	https://blog.mozilla.org/hacks/files/2014/09/massive-milestones1.png
7250	other	與 Combain 合作完善 Mozilla 的定位服務	20190825012056	img	image	0	https://blog.mozilla.com.tw/wp-content/uploads/geolocation-1024x567.png
7284	other	SVG 圖像最佳化	20191113174006	img	image	2	https://blog.mozilla.com.tw/wp-content/uploads/merge-paths-technique-1024x281.png
7284	other	SVG 圖像最佳化	20191113174006	a-href	image	3	https://hacks.mozilla.org/files/2015/03/merge-paths-issue.png
7284	other	SVG 圖像最佳化	20191113174006	a-href	image	4	https://hacks.mozilla.org/files/2015/03/merge-paths-technique.png
7331	other	你的開發者工具還缺哪些功能呢？	20191113172335	img	image	0	https://blog.mozilla.com.tw/wp-content/uploads/eyedropper1.png
7360	other	Pixel Perfect 2：Firefox 開發者工具擴充套件	20191113180146	img	image	0	https://blog.mozilla.com.tw/wp-content/uploads/logo_64x64.png
7360	other	Pixel Perfect 2：Firefox 開發者工具擴充套件	20191113180146	img	image	1	https://blog.mozilla.com.tw/wp-content/uploads/start-button.png
7360	other	Pixel Perfect 2：Firefox 開發者工具擴充套件	20191113180146	img	image	2	https://blog.mozilla.com.tw/wp-content/uploads/firebug-integration.png
7360	other	Pixel Perfect 2：Firefox 開發者工具擴充套件	20191113180146	img	image	3	https://blog.mozilla.com.tw/wp-content/uploads/empty-panel.png
7360	other	Pixel Perfect 2：Firefox 開發者工具擴充套件	20191113180146	img	image	4	https://blog.mozilla.com.tw/wp-content/uploads/layer-form-panel.png
7360	other	Pixel Perfect 2：Firefox 開發者工具擴充套件	20191113180146	img	image	5	https://blog.mozilla.com.tw/wp-content/uploads/layer-form-page.png
7370	other	用 Device Orientation 與 Vibration API 開發行動版遊戲	20191019115006	img	image	0	https://blog.mozilla.com.tw/wp-content/uploads/cyber-orb.png
7370	other	用 Device Orientation 與 Vibration API 開發行動版遊戲	20191019115006	img	image	1	https://blog.mozilla.com.tw/wp-content/uploads/cyber-orb-github-500x341.png
7378	other	淺談 Firefox 39 開發者工具	20191113171146	img	image	0	https://blog.mozilla.com.tw/wp-content/uploads/cubic-1024x658.gif
7378	other	淺談 Firefox 39 開發者工具	20191113171146	img	image	1	https://blog.mozilla.com.tw/wp-content/uploads/pseudo-array.png
7378	other	淺談 Firefox 39 開發者工具	20191113171146	a-href	image	2	https://hacks.mozilla.org/files/2015/04/cubic.gif
7423	other	Firefox OS 動畫原力的黑暗面	20190824002808	a-href	image	1	https://hacks.mozilla.org/files/2015/04/Screenshot-2015-04-18-09.38.10.png
7474	other	Firefox 開發者工具擴充套件：RDP Inspector	20191113171059	img	image	0	https://blog.mozilla.com.tw/wp-content/uploads/start-button1.png
7474	other	Firefox 開發者工具擴充套件：RDP Inspector	20191113171059	img	image	4	https://blog.mozilla.com.tw/wp-content/uploads/send-packet1.png
7575	other	來充電吧：Battery Status API 的更新消息	20190825001002	img	image	1	https://blog.mozilla.com.tw/wp-content/uploads/battery-low.png
7575	other	來充電吧：Battery Status API 的更新消息	20190825001002	img	image	2	https://blog.mozilla.com.tw/wp-content/uploads/battery-medium.png
7619	other	Trainspotting 系列文章：Firefox 39	20190825004121	img	image	0	https://blog.mozilla.com.tw/wp-content/uploads/cubic1-1024x658.gif
7619	other	Trainspotting 系列文章：Firefox 39	20190825004121	img	image	1	https://blog.mozilla.com.tw/wp-content/uploads/scroll-snap.gif
7655	other	淺談 Firefox 41 開發者工具	20190825004121	a-href	image	4	https://2r4s9p1yi1fa2jd7j43zph8r-wpengine.netdna-ssl.com/files/2015/07/screenshot-element.gif
7655	other	淺談 Firefox 41 開發者工具	20190825004121	a-href	image	5	https://2r4s9p1yi1fa2jd7j43zph8r-wpengine.netdna-ssl.com/files/2015/07/view-source-in-tab.gif
7655	other	淺談 Firefox 41 開發者工具	20190825004121	a-href	image	6	https://2r4s9p1yi1fa2jd7j43zph8r-wpengine.netdna-ssl.com/files/2015/07/add-rule-button.gif
7655	other	淺談 Firefox 41 開發者工具	20190825004121	a-href	image	7	https://2r4s9p1yi1fa2jd7j43zph8r-wpengine.netdna-ssl.com/files/2015/07/copy-har.gif
7690	other	歡慶 MDN 為大家記錄 Web 十年有成	20190825010819	img	image	1	https://blog.mozilla.com.tw/wp-content/uploads/MozMDN10-2_bluephl-407x1024.png
7714	other	如何於 Windows 10 中重設或選擇 Firefox 為預設瀏覽器	20191019115221	img	image	0	https://blog.mozilla.com.tw/wp-content/uploads/red-small-firefox-default-browser-prompt.png
7714	other	如何於 Windows 10 中重設或選擇 Firefox 為預設瀏覽器	20191019115221	img	image	1	https://blog.mozilla.com.tw/wp-content/uploads/red-small-system-setting-after-scroll.png
7714	other	如何於 Windows 10 中重設或選擇 Firefox 為預設瀏覽器	20191019115221	img	image	2	https://blog.mozilla.com.tw/wp-content/uploads/red-small-system-setting-change-to-firefox.png
7719	other	給微軟執行長的一封公開信：請別在選擇與控制權上走回頭路	20191019115239	img	image	0	https://blog.mozilla.com.tw/wp-content/uploads/freeyourself-1024x423.jpg
7784	other	Mozilla Webmaker 與大家見面	20190825010819	a-href	media	2	https://webmaker-dist.s3.amazonaws.com/reports/research.pdf
7832	other	淺談 Firefox 42 開發者工具	20190825011727	a-href	image	2	https://wiki.mozilla.org/File:E10s-toggle-in-preferences.png
8084	other	檢測網站的安全性與隱私設定	20190824010456	img	image	0	https://blog.mozilla.com.tw/wp-content/uploads/%E8%9E%A2%E5%B9%95%E5%BF%AB%E7%85%A7-2015-11-04-%E4%B8%8B%E5%8D%882.22.01.png
8103	other	淺談 Firefox 44 開發者工具	20191019115145	a-href	image	7	https://2r4s9p1yi1fa2jd7j43zph8r-wpengine.netdna-ssl.com/files/2015/11/measuretools1.png
8121	other	整合 Firebug 與開發者工具	20191019125404	img	image	0	https://blog.mozilla.com.tw/wp-content/uploads/wsm10.png
8121	other	整合 Firebug 與開發者工具	20191019125404	img	image	1	https://blog.mozilla.com.tw/wp-content/uploads/start-button2.png
8171	other	MozFest 2015：為 Open Web 團結社群並串連領袖	20191212145759	img	image	0	https://blog.mozilla.com.tw/wp-content/uploads/mozfest-1024x683.jpg
8171	other	MozFest 2015：為 Open Web 團結社群並串連領袖	20191212145759	img	image	1	https://blog.mozilla.com.tw/wp-content/uploads/shapeweb-1024x683.jpg
8171	other	MozFest 2015：為 Open Web 團結社群並串連領袖	20191212145759	img	image	2	https://blog.mozilla.com.tw/wp-content/uploads/kidsfest.png
8171	other	MozFest 2015：為 Open Web 團結社群並串連領袖	20191212145759	img	image	3	https://blog.mozilla.com.tw/wp-content/uploads/22836694332_40a42f5ed1_o-600x400.jpg
8171	other	MozFest 2015：為 Open Web 團結社群並串連領袖	20191212145759	img	image	4	https://blog.mozilla.com.tw/wp-content/uploads/22885142291_383827e7da_o-600x400.jpg
8200	other	用 Firefox 及其他瀏覽器開拓 Web 的力量	20191019121139	img	image	0	https://blog.mozilla.com.tw/wp-content/uploads/service_webapps.png
8208	other	Firefox 的新記憶體工具	20191019123419	img	image	0	https://blog.mozilla.com.tw/wp-content/uploads/memory-tool1-1024x666.png
8212	other	透過 WebExtensions 將 Chrome 的擴充套件移植到 Firefox 上使用	20190919103533	img	image	0	https://blog.mozilla.com.tw/wp-content/uploads/%E8%9E%A2%E5%B9%95%E5%BF%AB%E7%85%A7-2015-11-30-%E4%B8%8A%E5%8D%8810.43.49-1024x658.png
8226	other	為大家更新 Web Components 與 Firefox 的消息	20191019120028	img	image	0	https://blog.mozilla.com.tw/wp-content/uploads/%E8%9E%A2%E5%B9%95%E5%BF%AB%E7%85%A7-2015-12-02-%E4%B8%8B%E5%8D%882.45.49-1024x616.png
8246	other	Focus by Firefox – 為 Open Web 打造的內容攔截功能	20190919110411	img	image	0	https://blog.mozilla.com.tw/wp-content/uploads/id-2956939-firefox-100600832-large.jpg
8249	other	Focus by Firefox ─ iOS 專用內容攔截功能	20191019131436	img	image	0	https://blog.mozilla.com.tw/wp-content/uploads/focus_blog-1024x797.jpg
8249	other	Focus by Firefox ─ iOS 專用內容攔截功能	20191019131436	img	image	1	https://blog.mozilla.com.tw/wp-content/uploads/app-download.jpg
8267	other	Firefox 隱私瀏覽模式可讓你進一步掌握己身資料	20191019123753	img	image	0	https://blog.mozilla.com.tw/wp-content/uploads/track-protect-1024x682.png
8271	other	現已釋出 Windows 適用的 Firefox 64 位元版本	20190825010829	img	image	0	https://blog.mozilla.com.tw/wp-content/uploads/all-system-1024x734.png
8275	other	從 Game Jam 到行動裝置與 Firefox OS	20191019115049	img	image	0	https://blog.mozilla.com.tw/wp-content/uploads/gaming.png
8275	other	從 Game Jam 到行動裝置與 Firefox OS	20191019115049	img	image	1	https://blog.mozilla.com.tw/wp-content/uploads/unscaled.png
8356	other	為 Firefox OS 電視打造遊戲 (上)	20191019122130	img	image	0	https://blog.mozilla.com.tw/wp-content/uploads/captainrogers-mainmenu.png
8356	other	為 Firefox OS 電視打造遊戲 (上)	20191019122130	img	image	1	https://blog.mozilla.com.tw/wp-content/uploads/captainrogers2-cover.png
8357	other	為 Firefox OS 電視打造遊戲 (下)	20191019130628	img	image	0	https://blog.mozilla.com.tw/wp-content/uploads/captainrogers2-remote.png
8394	other	Mozilla 開放源碼支援專案首波得獎名單	20191212140948	img	image	0	https://blog.mozilla.com.tw/wp-content/uploads/id-2956939-firefox-100600832-large.jpg
8415	other	Mozilla 的 1 月份活動	20191212140716	img	image	0	https://blog.mozilla.com.tw/wp-content/uploads/new-profile-768x548-600x428.png
8415	other	Mozilla 的 1 月份活動	20191212140716	img	image	1	https://blog.mozilla.com.tw/wp-content/uploads/CZQE241WIAA6R2J.jpg
8446	other	Firefox 44 已加入 Web 推播功能	20191113175626	img	image	0	https://blog.mozilla.com.tw/wp-content/uploads/Screen-Shot-2016-01-25-at-00.23.03-500x232.png
8446	other	Firefox 44 已加入 Web 推播功能	20191113175626	img	image	1	https://blog.mozilla.com.tw/wp-content/uploads/Screen-Shot-2016-01-25-at-00.20.13-500x216.png
8453	other	Mozilla 與 Caribou Digital 一同發佈全球應用程式經濟報告	20191113180027	img	image	0	https://blog.mozilla.com.tw/wp-content/uploads/App-economy.png
8453	other	Mozilla 與 Caribou Digital 一同發佈全球應用程式經濟報告	20191113180027	a-href	media	1	https://cariboudigital.net/wp-content/uploads/2016/02/Caribou-Digital-Winners-and-Losers-in-the-Global-App-Economy-2016.pdf
8618	other	Mozilla 的 A-Frame 為虛擬實境新網站 #360Syria 提供震撼效果	20191113180504	img	image	0	https://blog.mozilla.com.tw/wp-content/uploads/FoS-1024x637.jpg
8623	other	Mozilla 將 Web 推向遊戲平台新層次	20191113171021	img	image	0	https://blog.mozilla.com.tw/wp-content/uploads/%E8%9E%A2%E5%B9%95%E5%BF%AB%E7%85%A7-2016-03-16-10.01.59-1024x580.png
8623	other	Mozilla 將 Web 推向遊戲平台新層次	20191113171021	img	image	1	https://blog.mozilla.com.tw/wp-content/uploads/EVERYDAYiPLAY-DARPU.png
8623	other	Mozilla 將 Web 推向遊戲平台新層次	20191113171021	img	image	2	https://blog.mozilla.com.tw/wp-content/uploads/timeline-1024x465.jpg
8676	other	Web 內容的分析與偵測函式	20191113172001	img	image	0	https://blog.mozilla.com.tw/wp-content/uploads/image1.png
8676	other	Web 內容的分析與偵測函式	20191113172001	img	image	1	https://blog.mozilla.com.tw/wp-content/uploads/image5.png
8676	other	Web 內容的分析與偵測函式	20191113172001	img	image	2	https://blog.mozilla.com.tw/wp-content/uploads/image2.png
8827	other	參與當然也算是社群的一部分	20190825003006	img	image	0	https://blog.mozilla.com.tw/wp-content/uploads/2013_summit-1024x683.jpg
8832	other	將獨立製作的 Unity 遊戲匯至 WebVR	20191019130312	img	image	0	https://blog.mozilla.com.tw/wp-content/uploads/SECVRITY-at-GDC-1024x580.jpg
8832	other	將獨立製作的 Unity 遊戲匯至 WebVR	20191019130312	img	image	1	https://blog.mozilla.com.tw/wp-content/uploads/oculus-rift-vr-headset-1200x698-500x291.jpg
8889	other	Mozilla 透過 Codemoji 加密遊戲傳授加密的基本概念	20191113181205	img	image	0	https://blog.mozilla.com.tw/wp-content/uploads/codemoji.gif
8889	other	Mozilla 透過 Codemoji 加密遊戲傳授加密的基本概念	20191113181205	img	image	1	https://blog.mozilla.com.tw/wp-content/uploads/week2_codemoji_04-768x402.jpg
8917	other	為了 Web 學寫程式碼吧！	20191019130549	img	image	0	https://blog.mozilla.com.tw/wp-content/uploads/%E8%9E%A2%E5%B9%95%E5%BF%AB%E7%85%A7-2016-07-06-16.42.03.png
8925	other	支援加州的公立教育以及 Web 素養活動	20190825003006	img	image	0	https://blog.mozilla.com.tw/wp-content/uploads/Web-Literacy-768x384.png
8925	other	支援加州的公立教育以及 Web 素養活動	20190825003006	a-href	media	1	https://www.lpfi.org/wp-content/uploads/2015/07/LPFI_PNF_presentation_CSTA_GoldenGate_chapter_6.18.15.pdf
8938	other	讓 Web 為所有人運轉 (中)	20190825005925	img	image	0	https://blog.mozilla.com.tw/wp-content/uploads/webcompat_blog_graphics_600x800-03-768x1024.jpg
8941	other	讓 Web 為所有人運轉 (下)	20191212130850	img	image	0	https://blog.mozilla.com.tw/wp-content/uploads/webcompat_blog_graphics_600x800-04-768x1024.jpg
8977	other	Mozilla 釋出新版 Firefox for iOS 再度提升使用者經驗	20191019120413	img	image	0	https://blog.mozilla.com.tw/wp-content/uploads/addsearchcustom.jpg
8977	other	Mozilla 釋出新版 Firefox for iOS 再度提升使用者經驗	20191019120413	img	image	1	https://blog.mozilla.com.tw/wp-content/uploads/%E8%9E%A2%E5%B9%95%E5%BF%AB%E7%85%A7-2016-07-27-15.52.35.png
8977	other	Mozilla 釋出新版 Firefox for iOS 再度提升使用者經驗	20191019120413	img	image	2	https://blog.mozilla.com.tw/wp-content/uploads/undo-closed-tabs.jpg
8977	other	Mozilla 釋出新版 Firefox for iOS 再度提升使用者經驗	20191019120413	img	image	3	https://blog.mozilla.com.tw/wp-content/uploads/IMG_6235-1-576x1024.png
8977	other	Mozilla 釋出新版 Firefox for iOS 再度提升使用者經驗	20191019120413	img	image	4	https://blog.mozilla.com.tw/wp-content/uploads/Download_on_the_App_Store_Badge_US-UK_135x40-1.jpg
9003	other	Firefox 桌面版與行動版今天再添強化功能	20200927091956	img	image	0	https://blog.mozilla.com.tw/wp-content/uploads/AboutSupport.png
9003	other	Firefox 桌面版與行動版今天再添強化功能	20200927091956	img	image	1	https://blog.mozilla.com.tw/wp-content/uploads/apple_pie-1024x277.png
9003	other	Firefox 桌面版與行動版今天再添強化功能	20200927091956	img	image	2	https://blog.mozilla.com.tw/wp-content/uploads/Add-ons_Manager-1024x678.png
9015	other	Firefox 多程序後的下一步	20200927092427	img	image	0	https://blog.mozilla.com.tw/wp-content/uploads/index2-1024x580.png
9015	other	Firefox 多程序後的下一步	20200927092427	img	image	1	https://blog.mozilla.com.tw/wp-content/uploads/index1-1024x580.png
9015	other	Firefox 多程序後的下一步	20200927092427	img	image	2	https://blog.mozilla.com.tw/wp-content/uploads/index-1-1024x580.png
9022	other	淺談 Firefox 50 開發者工具	20200927093044	img	image	0	https://blog.mozilla.com.tw/wp-content/uploads/webconsole_sourcemap-1024x595.gif
9022	other	淺談 Firefox 50 開發者工具	20200927093044	img	image	1	https://blog.mozilla.com.tw/wp-content/uploads/config_sourcemap-1024x267.png
9022	other	淺談 Firefox 50 開發者工具	20200927093044	img	image	2	https://blog.mozilla.com.tw/wp-content/uploads/console_stacktrace.png
9022	other	淺談 Firefox 50 開發者工具	20200927093044	img	image	3	https://blog.mozilla.com.tw/wp-content/uploads/network_stack_async-1024x249.png
9022	other	淺談 Firefox 50 開發者工具	20200927093044	img	image	4	https://blog.mozilla.com.tw/wp-content/uploads/idb_remove_entry-1024x186.png
9022	other	淺談 Firefox 50 開發者工具	20200927093044	img	image	5	https://blog.mozilla.com.tw/wp-content/uploads/push-service-1024x620.png
9022	other	淺談 Firefox 50 開發者工具	20200927093044	img	image	6	https://blog.mozilla.com.tw/wp-content/uploads/icons_49-1024x38.png
9022	other	淺談 Firefox 50 開發者工具	20200927093044	img	image	7	https://blog.mozilla.com.tw/wp-content/uploads/icons_50-1024x38.png
9022	other	淺談 Firefox 50 開發者工具	20200927093044	img	image	8	https://blog.mozilla.com.tw/wp-content/uploads/wasm-1024x396.png
9035	other	為大家精選 6 部有關加密的電影 (上)	20191113174712	img	image	0	https://blog.mozilla.com.tw/wp-content/uploads/1U9MM2AJ7tlXR_1BDvEcdoQ-1024x664.jpeg
9043	other	為大家精選 6 部有關加密的電影 (下)	20191113171051	img	image	0	https://blog.mozilla.com.tw/wp-content/uploads/1U9MM2AJ7tlXR_1BDvEcdoQ-1024x664.jpeg
9050	other	WebVR 1.0 已登上 Firefox Nightly	20200927091503	img	image	0	https://blog.mozilla.com.tw/wp-content/uploads/1PZg_jhtaquPGdvbeuhdPCA-1024x517.png
9050	other	WebVR 1.0 已登上 Firefox Nightly	20200927091503	img	image	1	https://blog.mozilla.com.tw/wp-content/uploads/1xwaEG4cjfEtx6PfHM46u_w.jpeg
9071	other	將加密用於正軌的 5 位超級英雄	20191113171015	img	image	0	https://blog.mozilla.com.tw/wp-content/uploads/15oP_LLl9-NGQLNV103GwOQ-1024x485.jpeg
9071	other	將加密用於正軌的 5 位超級英雄	20191113171015	img	image	1	https://blog.mozilla.com.tw/wp-content/uploads/1C73YiYSmXVwtt82nvoQIrw.jpeg
9071	other	將加密用於正軌的 5 位超級英雄	20191113171015	img	image	2	https://blog.mozilla.com.tw/wp-content/uploads/1lrg4i5NQX0aOVEdiqbGp-A-1024x575.jpeg
9071	other	將加密用於正軌的 5 位超級英雄	20191113171015	img	image	3	https://blog.mozilla.com.tw/wp-content/uploads/1HpVyA79Hqi7hfUK9Tszm9g-1024x639.jpeg
9071	other	將加密用於正軌的 5 位超級英雄	20191113171015	img	image	4	https://blog.mozilla.com.tw/wp-content/uploads/1SR1tXFHsoAIz0MAOe4jxdg.jpeg
9100	other	歐盟的著作權法危害網路的創新與創意	20191113171904	img	image	0	https://blog.mozilla.com.tw/wp-content/uploads/03_copyright_facebook-1024x536.jpg
9111	other	透過 Mozilla 的「Push」傳送 VAPID 驗證過的 WebPush 通知	20191113171043	img	image	0	https://blog.mozilla.com.tw/wp-content/uploads/push-1.png
9120	other	透過「Observatory」推動網路安全最佳實作	20191113181724	img	image	0	https://blog.mozilla.com.tw/wp-content/uploads/0Wr7f6FcZDfZBNXZP.-1024x492.png
9128	other	2016 年「View Source」會議在柏林	20191212130706	img	image	0	https://blog.mozilla.com.tw/wp-content/uploads/%E8%9E%A2%E5%B9%95%E5%BF%AB%E7%85%A7-2016-09-02-09.41.19.png
9128	other	2016 年「View Source」會議在柏林	20191212130706	img	image	1	https://blog.mozilla.com.tw/wp-content/uploads/22162956563_33da6f0ef9_b-768x512.jpg
9128	other	2016 年「View Source」會議在柏林	20191212130706	img	image	2	https://blog.mozilla.com.tw/wp-content/uploads/22303070533_1256a838ab_b-768x512.jpg
9138	other	Firefox Nightly 現已實驗性的支援 HTC Vive	20200927095331	img	image	0	https://blog.mozilla.com.tw/wp-content/uploads/1rppPzXIHehdGoJH6LKSIrg-1024x749.jpeg
9153	other	對保密命令的反擊	20191212143725	img	image	0	https://blog.mozilla.com.tw/wp-content/uploads/banner-encryption-locks-1024x540.jpg
9166	other	網路安全是共業	20191212132003	img	image	0	https://blog.mozilla.com.tw/wp-content/uploads/hero-cybersecurity.b5dd7f6b0aca.png
9228	other	介紹 debugger.html	20200805164126	img	image	0	https://blog.mozilla.com.tw/wp-content/uploads/colla-1024x559.png
9228	other	介紹 debugger.html	20200805164126	img	image	1	https://blog.mozilla.com.tw/wp-content/uploads/debug-1024x582.gif
9228	other	介紹 debugger.html	20200805164126	img	image	2	https://blog.mozilla.com.tw/wp-content/uploads/jsfiddle-1024x696.png
9235	other	Firefox 49 可修復以 WebKit 所設計的網站，還有更多	20200927103944	img	image	0	https://blog.mozilla.com.tw/wp-content/uploads/okcupid-1024x745.png
9242	other	「測試領航員」專案釋出 3 項實驗功能	20200927104454	img	image	0	https://blog.mozilla.com.tw/wp-content/uploads/%E8%9E%A2%E5%B9%95%E5%BF%AB%E7%85%A7-2016-10-05-11.23.59.png
9246	other	你該參與的 MozFest 系列講座	20200927094258	img	image	0	https://blog.mozilla.com.tw/wp-content/uploads/1xANBllOAu1lCByftlBwvsw.jpeg
9246	other	你該參與的 MozFest 系列講座	20200927094258	img	image	1	https://blog.mozilla.com.tw/wp-content/uploads/1lHQg-s7Yd3v3Fa-pP_eheQ.png
9246	other	你該參與的 MozFest 系列講座	20200927094258	img	image	2	https://blog.mozilla.com.tw/wp-content/uploads/18z9dySTO_wHIkjXgKbq5Eg.png
9246	other	你該參與的 MozFest 系列講座	20200927094258	img	image	3	https://blog.mozilla.com.tw/wp-content/uploads/1BvdLlYPfZU7SgrmC7vAmaQ.gif
9246	other	你該參與的 MozFest 系列講座	20200927094258	img	image	4	https://blog.mozilla.com.tw/wp-content/uploads/1aHB01vx82K_VOvqU1hQV2g.gif
9246	other	你該參與的 MozFest 系列講座	20200927094258	img	image	5	https://blog.mozilla.com.tw/wp-content/uploads/1a1xhxk-476V-XBUa93El_A.gif
9246	other	你該參與的 MozFest 系列講座	20200927094258	img	image	6	https://blog.mozilla.com.tw/wp-content/uploads/1dM2jCTMqueRkQWKxneLAFA.gif
9246	other	你該參與的 MozFest 系列講座	20200927094258	img	image	7	https://blog.mozilla.com.tw/wp-content/uploads/1IXVNr-6KcR16LEyyAq7nOA.gif
9246	other	你該參與的 MozFest 系列講座	20200927094258	img	image	8	https://blog.mozilla.com.tw/wp-content/uploads/1153ky8Gf4WNkszyVbfGN9Q.gif
9246	other	你該參與的 MozFest 系列講座	20200927094258	img	image	9	https://blog.mozilla.com.tw/wp-content/uploads/1_iS7ufcLaWwsjYdttVLg4A.gif
9246	other	你該參與的 MozFest 系列講座	20200927094258	img	image	10	https://blog.mozilla.com.tw/wp-content/uploads/1Us0nLfc03WYYTP2JLuAIvw.gif
9246	other	你該參與的 MozFest 系列講座	20200927094258	img	image	11	https://blog.mozilla.com.tw/wp-content/uploads/1ZnunhJxICRx7j1soYQiLow.gif
9246	other	你該參與的 MozFest 系列講座	20200927094258	img	image	12	https://blog.mozilla.com.tw/wp-content/uploads/1WCW-LrILwNW1jtG9q2BTEg.gif
9271	other	介紹「Open Innovation」工具組	20200927090339	img	image	0	https://blog.mozilla.com.tw/wp-content/uploads/0-boCCce4-r82tM-hq-1024x572.png
9271	other	介紹「Open Innovation」工具組	20200927090339	img	image	1	https://blog.mozilla.com.tw/wp-content/uploads/1-aH5eIdvzzQI3k7Ynh0Xllw.png
9276	other	Firefox Account 即將提供裝置管理功能	20200927090948	img	image	0	https://blog.mozilla.com.tw/wp-content/uploads/devices-fxa-2.png
9276	other	Firefox Account 即將提供裝置管理功能	20200927090948	img	image	1	https://blog.mozilla.com.tw/wp-content/uploads/device-name-2.png
9286	other	Maker Party 2016：為更好的網路挺身而出	20200927093436	img	image	0	https://blog.mozilla.com.tw/wp-content/uploads/02_makerparty-1024x512.jpg
9286	other	Maker Party 2016：為更好的網路挺身而出	20200927093436	img	image	1	https://blog.mozilla.com.tw/wp-content/uploads/jerT0QlBSxplJIEuYs9hcvVzN45cKvQoeyKzsEsArbRFcknsfSW720mXzCthTgb7gQ-pHoj5QZSHsfcw1339-h575.jpg
9308	other	為另外十億人帶來網際網路的能量	20200927103645	img	image	0	https://blog.mozilla.com.tw/wp-content/uploads/equalratingchallenge-logo-600x332.jpg
