post_id	mimetype	url	timestamp	endtimestamp
604	image/jpeg	https://blog.mozilla.com.tw/wp-content/uploads/DSC03852-%E8%A4%87%E8%A3%BD1-150x150.jpg	20150315114155	20161207060744
604	image/png	https://blog.mozilla.com.tw/wp-content/uploads/free-hugs-150x150.png	20140625231616	20161207000110
604	image/jpeg	https://blog.mozilla.com.tw/wp-content/uploads/maxresdefault-150x150.jpg	20140626063529	20161207005757
604	image/png	https://blog.mozilla.com.tw/wp-content/uploads/event1-150x128.png	20140625231415	20161206233025
607	image/jpeg	https://blog.mozilla.com.tw/wp-content/uploads/addsearchcustom-150x150.jpg	20170303013821	20171007232500
607	image/jpeg	https://blog.mozilla.com.tw/wp-content/uploads/week2_codemoji_04-768x402-150x150.jpg	20170303003437	20171008000338
607	image/png	https://blog.mozilla.com.tw/wp-content/uploads/%E8%9E%A2%E5%B9%95%E5%BF%AB%E7%85%A7-2016-03-16-10.01.59-150x150.png	20160418130429	20171007231738
607	image/png	https://blog.mozilla.com.tw/wp-content/uploads/shutterstock_157963835-1940x1258-150x150.png	20160322210728	20171007232229
607	image/png	https://blog.mozilla.com.tw/wp-content/uploads/TV-Web-Apps%E7%95%AB%E9%9D%A2%E5%9C%96%E7%89%87--150x150.png	20160322221049	20171007232412
1636	application/pdf	https://blog.mozilla.com.tw/wp-content/uploads/Introduction_1.pdf	20171018073651	20171018073651
1846	image/jpeg	https://blog.mozilla.com.tw/wp-content/uploads/IMG_2733.jpg	20151017062711	20151017062711
2042	image/jpeg	https://blog.mozilla.com.tw/wp-content/uploads/127.jpg	20130612035825	20130612035825
3321	image/jpeg	https://blog.mozilla.com.tw/wp-content/uploads/IMG_5190.jpg	20150707051229	20150707051229
3732	image/png	https://blog.mozilla.com.tw/wp-content/uploads/devicemgr.png	20140422042213	20150927032542
3732	image/png	https://blog.mozilla.com.tw/wp-content/uploads/browser-1024x520.png	20140422041850	20150927032417
3898	image/png	https://blog.mozilla.com.tw/wp-content/uploads/dev-tools-pseudo-element.png	20150412171256	20150412171256
4857	image/jpeg	https://blog.mozilla.com.tw/wp-content/uploads/bunny.jpg	20140210115352	20160805181313
5740	image/jpeg	https://blog.mozilla.com.tw/wp-content/uploads/Photo-of-Firefox-OS-smartphone-in-ultra-low-cost-category-1024x722.jpg	20150319055858	20150920024703
5846	image/png	https://blog.mozilla.com.tw/wp-content/uploads/Web-Audio-Editor-1-1024x391.png	20140725010249	20140725010249
6031	image/png	https://blog.mozilla.com.tw/wp-content/uploads/ShaderEditor-1024x696.png	20150326052524	20150326052524
6333	image/png	https://blog.mozilla.com.tw/wp-content/uploads/firefoxdevtools-1024x579.png	20150612232358	20150612232358
6333	image/png	https://blog.mozilla.com.tw/wp-content/uploads/console.table_.png	20150612231046	20150612231046
6679	image/jpeg	https://blog.mozilla.com.tw/wp-content/uploads/screenshot.jpg	20150319050622	20150319050622
6824	image/jpeg	https://blog.mozilla.com.tw/wp-content/uploads/unicorn.jpg	20150326070002	20150925222721
7129	image/jpeg	https://blog.mozilla.com.tw/wp-content/uploads/Mozilla_MWC_Map_2015-1024x431.jpg	20150923114416	20150923114416
