post_id	url
183	https://statics.plurk.com/2980c7bcb4eb012159e7701a61cb2e75.png
296	https://statics.plurk.com/2980c7bcb4eb012159e7701a61cb2e75.png
642	https://tech.mozilla.com.tw/wp-content/uploads/2012/07/%E8%9E%A2%E5%B9%95%E5%BF%AB%E7%85%A7-2012-07-26-%E4%B8%8B%E5%8D%884.43.28.png
642	https://tech.mozilla.com.tw/wp-content/uploads/2012/07/%E8%9E%A2%E5%B9%95%E5%BF%AB%E7%85%A7-2012-07-26-%E4%B8%8B%E5%8D%884.49.013.png
642	https://tech.mozilla.com.tw/wp-content/uploads/2012/07/%E8%9E%A2%E5%B9%95%E5%BF%AB%E7%85%A7-2012-07-26-%E4%B8%8B%E5%8D%884.48.561.png
642	https://tech.mozilla.com.tw/wp-content/uploads/2012/07/%E8%9E%A2%E5%B9%95%E5%BF%AB%E7%85%A7-2012-07-26-%E4%B8%8B%E5%8D%884.13.582-300x114.png
642	https://tech.mozilla.com.tw/wp-content/uploads/2012/07/%E8%9E%A2%E5%B9%95%E5%BF%AB%E7%85%A7-2012-07-26-%E4%B8%8B%E5%8D%884.13.582.png
693	https://tech.mozilla.com.tw/wp-content/uploads/2012/07/%E8%9E%A2%E5%B9%95%E5%BF%AB%E7%85%A7-2012-07-27-%E4%B8%8B%E5%8D%883.46.39.png
693	https://tech.mozilla.com.tw/wp-content/uploads/2012/08/mobile-1.png
942	https://tech.mozilla.com.tw/wp-content/uploads/2012/10/v7_list.png
942	https://tech.mozilla.com.tw/wp-content/uploads/2012/10/v7_unpair.png
942	https://tech.mozilla.com.tw/wp-content/uploads/2012/10/v8_list.png
942	https://tech.mozilla.com.tw/wp-content/uploads/2012/10/v8_unpair.png
1069	https://statics.plurk.com/2980c7bcb4eb012159e7701a61cb2e75.png
1158	https://statics.plurk.com/2980c7bcb4eb012159e7701a61cb2e75.png
1276	https://statics.plurk.com/2980c7bcb4eb012159e7701a61cb2e75.png
1317	https://statics.plurk.com/2980c7bcb4eb012159e7701a61cb2e75.png
1467	https://statics.plurk.com/2980c7bcb4eb012159e7701a61cb2e75.png
1470	https://statics.plurk.com/2980c7bcb4eb012159e7701a61cb2e75.png
1803	https://statics.plurk.com/2980c7bcb4eb012159e7701a61cb2e75.png
2020	https://tech.mozilla.com.tw/wp-content/uploads/2013/04/visibility.png
2296	https://tech.mozilla.com.tw/wp-content/uploads/2013/06/All.png
2343	https://statics.plurk.com/2980c7bcb4eb012159e7701a61cb2e75.png
2748	https://statics.plurk.com/2980c7bcb4eb012159e7701a61cb2e75.png
2957	https://statics.plurk.com/2980c7bcb4eb012159e7701a61cb2e75.png
3272	https://tech.mozilla.com.tw/wp-content/uploads/2013/10/IMG_0703-e1382036386144-300x225.jpg
3272	https://mozilla.mk/wp-content/uploads/2013/10/SS858315.jpg
3272	https://tech.mozilla.com.tw/wp-content/uploads/2013/10/IMG_0703-e1382036432896.jpg
3272	https://tech.mozilla.com.tw/wp-content/uploads/2013/10/IMG_0685.png
3366	https://tech.mozilla.com.tw/wp-content/uploads/2013/11/emscripten_logo.jpg
3366	https://tech.mozilla.com.tw/wp-content/uploads/2013/11/%E8%9E%A2%E5%B9%95%E6%93%B7%E5%9C%96%E5%AD%98%E7%82%BA-2013-11-04-170720-2.png
3738	https://tech.mozilla.com.tw/wp-content/uploads/2014/01/draggable-container.png
4188	https://elinux.org/images/9/9a/CELFJamboree29-FlashFS-Toshiba.pdf
4204	https://blog.operationreality.org/wp-content/uploads/2011/08/c-plus-plus-0x-11.jpg
4243	https://tech.mozilla.com.tw/wp-content/uploads/2014/03/Screenshot-from-2014-03-31-111522.png
4243	https://tech.mozilla.com.tw/wp-content/uploads/2014/03/Screenshot-from-2014-03-31-110831.png
4243	https://tech.mozilla.com.tw/wp-content/uploads/2014/03/Screenshot-from-2014-03-31-113613.png
4243	https://tech.mozilla.com.tw/wp-content/uploads/2014/03/Screenshot-from-2014-03-31-115715.png
4243	https://tech.mozilla.com.tw/wp-content/uploads/2014/03/Screenshot-from-2014-03-31-120903.png
4313	https://tech.mozilla.com.tw/wp-content/uploads/2014/07/Audio8.png
4313	https://tech.mozilla.com.tw/wp-content/uploads/2014/04/Audio3.png
4493	https://tech.mozilla.com.tw/wp-content/uploads/2014/04/Building_Blocks.png
4559	https://www.yesgotour.com/flash/008.jpg
4559	https://www.uxdiaries.com/wp-content/uploads/2014/03/brainstorming.jpg
4559	https://www.businessthinktank.com.au/wp-content/uploads/Optus_Jan_Three-ways-to-motivate-your-staff-after-the-holidays.jpg
5038	https://firefox.club.tw/static/img/event/chinese-valentines-day/magpie-spritesheet.png
5232	https://tech.mozilla.com.tw/wp-content/uploads/2014/09/B2G_BT1.png
5232	https://tech.mozilla.com.tw/wp-content/uploads/2014/09/B2G_BT2.png
5232	https://tech.mozilla.com.tw/wp-content/uploads/2014/09/B2G_BT3.png
5232	https://tech.mozilla.com.tw/wp-content/uploads/2014/09/B2G_BT4.png
5306	https://openhatch.org/blog/wp-content/uploads/2013/11/Krita-building_for-cats_010-git-update_by-deevad.jpg
5355	https://tech.mozilla.com.tw/wp-content/uploads/2014/09/CenteredRedInBlue.png
5660	https://tech.mozilla.com.tw/wp-content/uploads/2014/11/stroke-dasharray.svg_1.png
5660	https://tech.mozilla.com.tw/wp-content/uploads/2014/11/stroke-dashoffset.svg_1.png
5660	https://tech.mozilla.com.tw/wp-content/uploads/2014/11/smoke-waves.svg_1.png
5686	https://tech.mozilla.com.tw/wp-content/uploads/2014/11/interface1.png
5686	https://tech.mozilla.com.tw/wp-content/uploads/2014/11/Light1-1024x907.png
5686	https://tech.mozilla.com.tw/wp-content/uploads/2014/11/Light1.png
